C:\Users\olikr\TinkersConstruct-NeoForge\src\main\java\slimeknights\tconstruct\library\fluid\FluidTankBase.java:29: warning: [removal] isFluidEqual(FluidStack) in FluidStack has been deprecated and marked for removal
      if (!fluid.isFluidEqual(resource)) {
                ^
C:\Users\olikr\TinkersConstruct-NeoForge\src\main\java\slimeknights\tconstruct\library\fluid\FluidTankBase.java:42: warning: [removal] isFluidEqual(FluidStack) in FluidStack has been deprecated and marked for removal
    if (!fluid.isFluidEqual(resource)) {
              ^
C:\Users\olikr\TinkersConstruct-NeoForge\src\main\java\slimeknights\tconstruct\TConstruct.java:94: warning: [removal] bus() in EventBusSubscriber has been deprecated and marked for removal
@EventBusSubscriber(modid = TConstruct.MOD_ID, bus = EventBusSubscriber.Bus.MOD)
                                               ^
C:\Users\olikr\TinkersConstruct-NeoForge\src\main\java\slimeknights\tconstruct\TConstruct.java:94: warning: [removal] Bus in EventBusSubscriber has been deprecated and marked for removal
@EventBusSubscriber(modid = TConstruct.MOD_ID, bus = EventBusSubscriber.Bus.MOD)
                                                                       ^
C:\Users\olikr\TinkersConstruct-NeoForge\src\main\java\slimeknights\tconstruct\TConstruct.java:94: warning: [removal] bus() in EventBusSubscriber has been deprecated and marked for removal
@EventBusSubscriber(modid = TConstruct.MOD_ID, bus = EventBusSubscriber.Bus.MOD)
                                               ^
C:\Users\olikr\TinkersConstruct-NeoForge\src\main\java\slimeknights\tconstruct\TConstruct.java:94: warning: [removal] Bus in EventBusSubscriber has been deprecated and marked for removal
@EventBusSubscriber(modid = TConstruct.MOD_ID, bus = EventBusSubscriber.Bus.MOD)
                                                                       ^
C:\Users\olikr\TinkersConstruct-NeoForge\src\main\java\slimeknights\tconstruct\TConstruct.java:94: warning: [removal] bus() in EventBusSubscriber has been deprecated and marked for removal
@EventBusSubscriber(modid = TConstruct.MOD_ID, bus = EventBusSubscriber.Bus.MOD)
                                               ^
C:\Users\olikr\TinkersConstruct-NeoForge\src\main\java\slimeknights\tconstruct\TConstruct.java:94: warning: [removal] Bus in EventBusSubscriber has been deprecated and marked for removal
@EventBusSubscriber(modid = TConstruct.MOD_ID, bus = EventBusSubscriber.Bus.MOD)
                                                                       ^
C:\Users\olikr\TinkersConstruct-NeoForge\src\main\java\slimeknights\tconstruct\TConstruct.java:94: warning: [removal] bus() in EventBusSubscriber has been deprecated and marked for removal
@EventBusSubscriber(modid = TConstruct.MOD_ID, bus = EventBusSubscriber.Bus.MOD)
                                               ^
C:\Users\olikr\TinkersConstruct-NeoForge\src\main\java\slimeknights\tconstruct\TConstruct.java:94: warning: [removal] Bus in EventBusSubscriber has been deprecated and marked for removal
@EventBusSubscriber(modid = TConstruct.MOD_ID, bus = EventBusSubscriber.Bus.MOD)
                                                                       ^
C:\Users\olikr\TinkersConstruct-NeoForge\src\main\java\slimeknights\tconstruct\TConstruct.java:94: warning: [removal] bus() in EventBusSubscriber has been deprecated and marked for removal
@EventBusSubscriber(modid = TConstruct.MOD_ID, bus = EventBusSubscriber.Bus.MOD)
                                               ^
C:\Users\olikr\TinkersConstruct-NeoForge\src\main\java\slimeknights\tconstruct\TConstruct.java:94: warning: [removal] Bus in EventBusSubscriber has been deprecated and marked for removal
@EventBusSubscriber(modid = TConstruct.MOD_ID, bus = EventBusSubscriber.Bus.MOD)
                                                                       ^
C:\Users\olikr\TinkersConstruct-NeoForge\src\main\java\slimeknights\tconstruct\library\client\modifiers\model\TrimModifierModel.java:128: error: constructor ResourceLocation in class ResourceLocation cannot be applied to given types;
      root = new ResourceLocation("trims/items/" + type.getName() + "_trim");
             ^
  required: String,String
  found:    String
  reason: actual and formal argument lists differ in length
C:\Users\olikr\TinkersConstruct-NeoForge\src\main\java\slimeknights\tconstruct\common\data\model\TinkerSpriteSourceProvider.java:87: error: incompatible types: List<Object> cannot be converted to List<ResourceLocation>
        Arrays.stream(TRIMS).flatMap(name -> Stream.of(new ResourceLocation(TRIM_FOLDER + name), new ResourceLocation(TRIM_FOLDER + name + "_leggings"))).toList(),
                                                                                                                                                                ^
C:\Users\olikr\TinkersConstruct-NeoForge\src\main\java\slimeknights\tconstruct\common\data\model\TinkerSpriteSourceProvider.java:87: error: constructor ResourceLocation in class ResourceLocation cannot be applied to given types;
        Arrays.stream(TRIMS).flatMap(name -> Stream.of(new ResourceLocation(TRIM_FOLDER + name), new ResourceLocation(TRIM_FOLDER + name + "_leggings"))).toList(),
                                                       ^
  required: String,String
  found:    String
  reason: actual and formal argument lists differ in length
C:\Users\olikr\TinkersConstruct-NeoForge\src\main\java\slimeknights\tconstruct\common\data\model\TinkerSpriteSourceProvider.java:87: error: constructor ResourceLocation in class ResourceLocation cannot be applied to given types;
        Arrays.stream(TRIMS).flatMap(name -> Stream.of(new ResourceLocation(TRIM_FOLDER + name), new ResourceLocation(TRIM_FOLDER + name + "_leggings"))).toList(),
                                                                                                 ^
  required: String,String
  found:    String
  reason: actual and formal argument lists differ in length
C:\Users\olikr\TinkersConstruct-NeoForge\src\main\java\slimeknights\tconstruct\common\data\tags\FluidTagProvider.java:229: warning: [removal] SOUP_TOOLTIPS in Fluids has been deprecated and marked for removal
    this.tag(MantleTags.Fluids.SOUP).addTag(TinkerFluids.meatSoup.getTag()).addOptionalTag(TinkerTags.Fluids.SOUP_TOOLTIPS.location());
                                                                                                            ^
C:\Users\olikr\TinkersConstruct-NeoForge\src\main\java\slimeknights\tconstruct\common\data\tags\ItemTagProvider.java:359: error: cannot find symbol
    addToolTags(TinkerTools.warPick,    MULTIPART_TOOL, DURABILITY, ANCIENT_TOOLS, TRADER_TOOLS, HARVEST_PRIMARY, STONE_HARVEST, MELEE_WEAPON, HELD, AOE, CLUSTER_MAX_HARVESTABLES, CROSSBOWS, BONUS_SLOTS, ItemTags.PICKAXES, Tags.Items.TOOLS_CROSSBOWS);
                                                                                                                                                                                                                                         ^
  symbol:   variable TOOLS_CROSSBOWS
  location: class Items
C:\Users\olikr\TinkersConstruct-NeoForge\src\main\java\slimeknights\tconstruct\common\data\tags\ItemTagProvider.java:360: error: cannot find symbol
    addToolTags(TinkerTools.battlesign, MULTIPART_TOOL, DURABILITY, ANCIENT_TOOLS, TRADER_TOOLS, MELEE_PRIMARY, SHIELDS, BONUS_SLOTS, Tags.Items.TOOLS_SHIELDS);
                                                                                                                                                ^
  symbol:   variable TOOLS_SHIELDS
  location: class Items
C:\Users\olikr\TinkersConstruct-NeoForge\src\main\java\slimeknights\tconstruct\common\data\tags\ItemTagProvider.java:371: error: cannot find symbol
    addToolTags(TinkerTools.travelersShield, DURABILITY, BONUS_SLOTS, SHIELDS, INTERACTABLE_LEFT, Tags.Items.TOOLS_SHIELDS, SINGLEPART_TOOL, UNRECYCLABLE, DYEABLE);
                                                                                                            ^
  symbol:   variable TOOLS_SHIELDS
  location: class Items
C:\Users\olikr\TinkersConstruct-NeoForge\src\main\java\slimeknights\tconstruct\common\data\tags\ItemTagProvider.java:372: error: cannot find symbol
    addToolTags(TinkerTools.plateShield,     DURABILITY, BONUS_SLOTS, SHIELDS, INTERACTABLE_LEFT, Tags.Items.TOOLS_SHIELDS, SINGLEPART_TOOL, UNRECYCLABLE, BANNER);
                                                                                                            ^
  symbol:   variable TOOLS_SHIELDS
  location: class Items
C:\Users\olikr\TinkersConstruct-NeoForge\src\main\java\slimeknights\tconstruct\library\data\AbstractTagProvider.java:190: warning: [removal] removeElement(ResourceLocation,String) in ITagBuilderExtension has been deprecated and marked for removal
      internalBuilder.removeElement(location, modID);
                     ^
C:\Users\olikr\TinkersConstruct-NeoForge\src\main\java\slimeknights\tconstruct\library\data\AbstractTagProvider.java:213: warning: [removal] removeTag(ResourceLocation,String) in ITagBuilderExtension has been deprecated and marked for removal
      internalBuilder.removeTag(tag.location(), modID);
                     ^
C:\Users\olikr\TinkersConstruct-NeoForge\src\main\java\slimeknights\tconstruct\common\Sounds.java:20: warning: [removal] bus() in EventBusSubscriber has been deprecated and marked for removal
@EventBusSubscriber(modid = TConstruct.MOD_ID, bus = EventBusSubscriber.Bus.MOD)
                                               ^
C:\Users\olikr\TinkersConstruct-NeoForge\src\main\java\slimeknights\tconstruct\common\Sounds.java:20: warning: [removal] Bus in EventBusSubscriber has been deprecated and marked for removal
@EventBusSubscriber(modid = TConstruct.MOD_ID, bus = EventBusSubscriber.Bus.MOD)
                                                                       ^
C:\Users\olikr\TinkersConstruct-NeoForge\src\main\java\slimeknights\tconstruct\common\Sounds.java:20: warning: [removal] bus() in EventBusSubscriber has been deprecated and marked for removal
@EventBusSubscriber(modid = TConstruct.MOD_ID, bus = EventBusSubscriber.Bus.MOD)
                                               ^
C:\Users\olikr\TinkersConstruct-NeoForge\src\main\java\slimeknights\tconstruct\common\Sounds.java:20: warning: [removal] Bus in EventBusSubscriber has been deprecated and marked for removal
@EventBusSubscriber(modid = TConstruct.MOD_ID, bus = EventBusSubscriber.Bus.MOD)
                                                                       ^
C:\Users\olikr\TinkersConstruct-NeoForge\src\main\java\slimeknights\tconstruct\common\Sounds.java:20: warning: [removal] bus() in EventBusSubscriber has been deprecated and marked for removal
@EventBusSubscriber(modid = TConstruct.MOD_ID, bus = EventBusSubscriber.Bus.MOD)
                                               ^
C:\Users\olikr\TinkersConstruct-NeoForge\src\main\java\slimeknights\tconstruct\common\Sounds.java:20: warning: [removal] Bus in EventBusSubscriber has been deprecated and marked for removal
@EventBusSubscriber(modid = TConstruct.MOD_ID, bus = EventBusSubscriber.Bus.MOD)
                                                                       ^
C:\Users\olikr\TinkersConstruct-NeoForge\src\main\java\slimeknights\tconstruct\common\Sounds.java:20: warning: [removal] bus() in EventBusSubscriber has been deprecated and marked for removal
@EventBusSubscriber(modid = TConstruct.MOD_ID, bus = EventBusSubscriber.Bus.MOD)
                                               ^
C:\Users\olikr\TinkersConstruct-NeoForge\src\main\java\slimeknights\tconstruct\common\Sounds.java:20: warning: [removal] Bus in EventBusSubscriber has been deprecated and marked for removal
@EventBusSubscriber(modid = TConstruct.MOD_ID, bus = EventBusSubscriber.Bus.MOD)
                                                                       ^
C:\Users\olikr\TinkersConstruct-NeoForge\src\main\java\slimeknights\tconstruct\common\Sounds.java:20: warning: [removal] bus() in EventBusSubscriber has been deprecated and marked for removal
@EventBusSubscriber(modid = TConstruct.MOD_ID, bus = EventBusSubscriber.Bus.MOD)
                                               ^
C:\Users\olikr\TinkersConstruct-NeoForge\src\main\java\slimeknights\tconstruct\common\Sounds.java:20: warning: [removal] Bus in EventBusSubscriber has been deprecated and marked for removal
@EventBusSubscriber(modid = TConstruct.MOD_ID, bus = EventBusSubscriber.Bus.MOD)
                                                                       ^
C:\Users\olikr\TinkersConstruct-NeoForge\src\main\java\slimeknights\tconstruct\common\TinkerEffect.java:39: warning: [removal] initializeClient(Consumer<IClientMobEffectExtensions>) in MobEffect has been deprecated and marked for removal
  public void initializeClient(Consumer<IClientMobEffectExtensions> consumer) {
              ^
C:\Users\olikr\TinkersConstruct-NeoForge\src\main\java\slimeknights\tconstruct\fluids\FluidClientEvents.java:19: warning: [removal] bus() in EventBusSubscriber has been deprecated and marked for removal
@EventBusSubscriber(modid = TConstruct.MOD_ID, value = Dist.CLIENT, bus = Bus.MOD)
                                                                    ^
C:\Users\olikr\TinkersConstruct-NeoForge\src\main\java\slimeknights\tconstruct\fluids\FluidClientEvents.java:19: warning: [removal] Bus in EventBusSubscriber has been deprecated and marked for removal
@EventBusSubscriber(modid = TConstruct.MOD_ID, value = Dist.CLIENT, bus = Bus.MOD)
                                                                          ^
C:\Users\olikr\TinkersConstruct-NeoForge\src\main\java\slimeknights\tconstruct\fluids\FluidClientEvents.java:19: warning: [removal] bus() in EventBusSubscriber has been deprecated and marked for removal
@EventBusSubscriber(modid = TConstruct.MOD_ID, value = Dist.CLIENT, bus = Bus.MOD)
                                                                    ^
C:\Users\olikr\TinkersConstruct-NeoForge\src\main\java\slimeknights\tconstruct\fluids\FluidClientEvents.java:19: warning: [removal] Bus in EventBusSubscriber has been deprecated and marked for removal
@EventBusSubscriber(modid = TConstruct.MOD_ID, value = Dist.CLIENT, bus = Bus.MOD)
                                                                          ^
C:\Users\olikr\TinkersConstruct-NeoForge\src\main\java\slimeknights\tconstruct\fluids\FluidClientEvents.java:19: warning: [removal] bus() in EventBusSubscriber has been deprecated and marked for removal
@EventBusSubscriber(modid = TConstruct.MOD_ID, value = Dist.CLIENT, bus = Bus.MOD)
                                                                    ^
C:\Users\olikr\TinkersConstruct-NeoForge\src\main\java\slimeknights\tconstruct\fluids\FluidClientEvents.java:19: warning: [removal] Bus in EventBusSubscriber has been deprecated and marked for removal
@EventBusSubscriber(modid = TConstruct.MOD_ID, value = Dist.CLIENT, bus = Bus.MOD)
                                                                          ^
C:\Users\olikr\TinkersConstruct-NeoForge\src\main\java\slimeknights\tconstruct\fluids\FluidClientEvents.java:19: warning: [removal] bus() in EventBusSubscriber has been deprecated and marked for removal
@EventBusSubscriber(modid = TConstruct.MOD_ID, value = Dist.CLIENT, bus = Bus.MOD)
                                                                    ^
C:\Users\olikr\TinkersConstruct-NeoForge\src\main\java\slimeknights\tconstruct\fluids\FluidClientEvents.java:19: warning: [removal] Bus in EventBusSubscriber has been deprecated and marked for removal
@EventBusSubscriber(modid = TConstruct.MOD_ID, value = Dist.CLIENT, bus = Bus.MOD)
                                                                          ^
C:\Users\olikr\TinkersConstruct-NeoForge\src\main\java\slimeknights\tconstruct\fluids\FluidClientEvents.java:19: warning: [removal] bus() in EventBusSubscriber has been deprecated and marked for removal
@EventBusSubscriber(modid = TConstruct.MOD_ID, value = Dist.CLIENT, bus = Bus.MOD)
                                                                    ^
C:\Users\olikr\TinkersConstruct-NeoForge\src\main\java\slimeknights\tconstruct\fluids\FluidClientEvents.java:19: warning: [removal] Bus in EventBusSubscriber has been deprecated and marked for removal
@EventBusSubscriber(modid = TConstruct.MOD_ID, value = Dist.CLIENT, bus = Bus.MOD)
                                                                          ^
C:\Users\olikr\TinkersConstruct-NeoForge\src\main\java\slimeknights\tconstruct\fluids\FluidEvents.java:20: warning: [removal] bus() in EventBusSubscriber has been deprecated and marked for removal
@EventBusSubscriber(modid = TConstruct.MOD_ID, bus = Bus.GAME)
                                               ^
C:\Users\olikr\TinkersConstruct-NeoForge\src\main\java\slimeknights\tconstruct\fluids\FluidEvents.java:20: warning: [removal] Bus in EventBusSubscriber has been deprecated and marked for removal
@EventBusSubscriber(modid = TConstruct.MOD_ID, bus = Bus.GAME)
                                                     ^
C:\Users\olikr\TinkersConstruct-NeoForge\src\main\java\slimeknights\tconstruct\fluids\FluidEvents.java:20: warning: [removal] bus() in EventBusSubscriber has been deprecated and marked for removal
@EventBusSubscriber(modid = TConstruct.MOD_ID, bus = Bus.GAME)
                                               ^
C:\Users\olikr\TinkersConstruct-NeoForge\src\main\java\slimeknights\tconstruct\fluids\FluidEvents.java:20: warning: [removal] Bus in EventBusSubscriber has been deprecated and marked for removal
@EventBusSubscriber(modid = TConstruct.MOD_ID, bus = Bus.GAME)
                                                     ^
C:\Users\olikr\TinkersConstruct-NeoForge\src\main\java\slimeknights\tconstruct\fluids\FluidEvents.java:20: warning: [removal] bus() in EventBusSubscriber has been deprecated and marked for removal
@EventBusSubscriber(modid = TConstruct.MOD_ID, bus = Bus.GAME)
                                               ^
C:\Users\olikr\TinkersConstruct-NeoForge\src\main\java\slimeknights\tconstruct\fluids\FluidEvents.java:20: warning: [removal] Bus in EventBusSubscriber has been deprecated and marked for removal
@EventBusSubscriber(modid = TConstruct.MOD_ID, bus = Bus.GAME)
                                                     ^
C:\Users\olikr\TinkersConstruct-NeoForge\src\main\java\slimeknights\tconstruct\fluids\FluidEvents.java:20: warning: [removal] bus() in EventBusSubscriber has been deprecated and marked for removal
@EventBusSubscriber(modid = TConstruct.MOD_ID, bus = Bus.GAME)
                                               ^
C:\Users\olikr\TinkersConstruct-NeoForge\src\main\java\slimeknights\tconstruct\fluids\FluidEvents.java:20: warning: [removal] Bus in EventBusSubscriber has been deprecated and marked for removal
@EventBusSubscriber(modid = TConstruct.MOD_ID, bus = Bus.GAME)
                                                     ^
C:\Users\olikr\TinkersConstruct-NeoForge\src\main\java\slimeknights\tconstruct\fluids\FluidEvents.java:20: warning: [removal] bus() in EventBusSubscriber has been deprecated and marked for removal
@EventBusSubscriber(modid = TConstruct.MOD_ID, bus = Bus.GAME)
                                               ^
C:\Users\olikr\TinkersConstruct-NeoForge\src\main\java\slimeknights\tconstruct\fluids\FluidEvents.java:20: warning: [removal] Bus in EventBusSubscriber has been deprecated and marked for removal
@EventBusSubscriber(modid = TConstruct.MOD_ID, bus = Bus.GAME)
                                                     ^
C:\Users\olikr\TinkersConstruct-NeoForge\src\main\java\slimeknights\tconstruct\fluids\fluids\PotionFluidType.java:63: warning: [removal] initializeClient(Consumer<IClientFluidTypeExtensions>) in FluidType has been deprecated and marked for removal
  public void initializeClient(Consumer<IClientFluidTypeExtensions> consumer) {
              ^
C:\Users\olikr\TinkersConstruct-NeoForge\src\main\java\slimeknights\tconstruct\gadgets\GadgetClientEvents.java:20: warning: [removal] bus() in EventBusSubscriber has been deprecated and marked for removal
@EventBusSubscriber(modid=TConstruct.MOD_ID, value=Dist.CLIENT, bus=Bus.MOD)
                                                                ^
C:\Users\olikr\TinkersConstruct-NeoForge\src\main\java\slimeknights\tconstruct\gadgets\GadgetClientEvents.java:20: warning: [removal] Bus in EventBusSubscriber has been deprecated and marked for removal
@EventBusSubscriber(modid=TConstruct.MOD_ID, value=Dist.CLIENT, bus=Bus.MOD)
                                                                    ^
C:\Users\olikr\TinkersConstruct-NeoForge\src\main\java\slimeknights\tconstruct\gadgets\GadgetClientEvents.java:20: warning: [removal] bus() in EventBusSubscriber has been deprecated and marked for removal
@EventBusSubscriber(modid=TConstruct.MOD_ID, value=Dist.CLIENT, bus=Bus.MOD)
                                                                ^
C:\Users\olikr\TinkersConstruct-NeoForge\src\main\java\slimeknights\tconstruct\gadgets\GadgetClientEvents.java:20: warning: [removal] Bus in EventBusSubscriber has been deprecated and marked for removal
@EventBusSubscriber(modid=TConstruct.MOD_ID, value=Dist.CLIENT, bus=Bus.MOD)
                                                                    ^
C:\Users\olikr\TinkersConstruct-NeoForge\src\main\java\slimeknights\tconstruct\gadgets\GadgetClientEvents.java:20: warning: [removal] bus() in EventBusSubscriber has been deprecated and marked for removal
@EventBusSubscriber(modid=TConstruct.MOD_ID, value=Dist.CLIENT, bus=Bus.MOD)
                                                                ^
C:\Users\olikr\TinkersConstruct-NeoForge\src\main\java\slimeknights\tconstruct\gadgets\GadgetClientEvents.java:20: warning: [removal] Bus in EventBusSubscriber has been deprecated and marked for removal
@EventBusSubscriber(modid=TConstruct.MOD_ID, value=Dist.CLIENT, bus=Bus.MOD)
                                                                    ^
C:\Users\olikr\TinkersConstruct-NeoForge\src\main\java\slimeknights\tconstruct\gadgets\GadgetClientEvents.java:20: warning: [removal] bus() in EventBusSubscriber has been deprecated and marked for removal
@EventBusSubscriber(modid=TConstruct.MOD_ID, value=Dist.CLIENT, bus=Bus.MOD)
                                                                ^
C:\Users\olikr\TinkersConstruct-NeoForge\src\main\java\slimeknights\tconstruct\gadgets\GadgetClientEvents.java:20: warning: [removal] Bus in EventBusSubscriber has been deprecated and marked for removal
@EventBusSubscriber(modid=TConstruct.MOD_ID, value=Dist.CLIENT, bus=Bus.MOD)
                                                                    ^
C:\Users\olikr\TinkersConstruct-NeoForge\src\main\java\slimeknights\tconstruct\gadgets\GadgetClientEvents.java:20: warning: [removal] bus() in EventBusSubscriber has been deprecated and marked for removal
@EventBusSubscriber(modid=TConstruct.MOD_ID, value=Dist.CLIENT, bus=Bus.MOD)
                                                                ^
C:\Users\olikr\TinkersConstruct-NeoForge\src\main\java\slimeknights\tconstruct\gadgets\GadgetClientEvents.java:20: warning: [removal] Bus in EventBusSubscriber has been deprecated and marked for removal
@EventBusSubscriber(modid=TConstruct.MOD_ID, value=Dist.CLIENT, bus=Bus.MOD)
                                                                    ^
C:\Users\olikr\TinkersConstruct-NeoForge\src\main\java\slimeknights\tconstruct\gadgets\item\PiggyBackPackItem.java:152: error: incompatible types: CarryPotionEffect cannot be converted to Holder<MobEffect>
      livingEntity.addEffect(new MobEffectInstance(TinkerGadgets.carryEffect.get(), 2, amplifier, true, false, true));
                                                                                ^
C:\Users\olikr\TinkersConstruct-NeoForge\src\main\java\slimeknights\tconstruct\gadgets\item\PiggyBackPackItem.java:203: error: getSprite(ResourceLocation) has protected access in TextureAtlasHolder
          graphics.blit(x, y, 0, 18, 18, mc.getMobEffectTextures().getSprite(ICONS[amplifier]));
                                                                  ^
C:\Users\olikr\TinkersConstruct-NeoForge\src\main\java\slimeknights\tconstruct\library\client\armor\texture\DyedArmorTextureSupplier.java:25: error: no suitable method found for create(LoadableField<ResourceLocation,Object>,LoadableField<ModifierId,Object>,LoadableField<String,Object>,LoadableField<ModifierId,Object>,LoadableField<Integer,Object>,LoadableField<Integer,Object>,DyedArmorT[...]::new)
  public static final RecordLoadable<DyedArmorTextureSupplier> LOADER = RecordLoadable.create(
                                                                                      ^
    method RecordLoadable.<A#1,R#1>create(RecordField<A#1,? super R#1>,Function<A#1,R#1>) is not applicable
      (cannot infer type-variable(s) A#1,R#1
        (actual and formal argument lists differ in length))
    method RecordLoadable.<A#2,B#1,R#2>create(RecordField<A#2,? super R#2>,RecordField<B#1,? super R#2>,BiFunction<A#2,B#1,R#2>) is not applicable
      (cannot infer type-variable(s) A#2,B#1,R#2
        (actual and formal argument lists differ in length))
    method RecordLoadable.<A#3,B#2,C#1,R#3>create(RecordField<A#3,? super R#3>,RecordField<B#2,? super R#3>,RecordField<C#1,? super R#3>,Function3<A#3,B#2,C#1,R#3>) is not applicable
      (cannot infer type-variable(s) A#3,B#2,C#1,R#3
        (actual and formal argument lists differ in length))
    method RecordLoadable.<A#4,B#3,C#2,D#1,R#4>create(RecordField<A#4,? super R#4>,RecordField<B#3,? super R#4>,RecordField<C#2,? super R#4>,RecordField<D#1,? super R#4>,Function4<A#4,B#3,C#2,D#1,R#4>) is not applicable
      (cannot infer type-variable(s) A#4,B#3,C#2,D#1,R#4
        (actual and formal argument lists differ in length))
    method RecordLoadable.<A#5,B#4,C#3,D#2,E#1,R#5>create(RecordField<A#5,? super R#5>,RecordField<B#4,? super R#5>,RecordField<C#3,? super R#5>,RecordField<D#2,? super R#5>,RecordField<E#1,? super R#5>,Function5<A#5,B#4,C#3,D#2,E#1,R#5>) is not applicable
      (cannot infer type-variable(s) A#5,B#4,C#3,D#2,E#1,R#5
        (actual and formal argument lists differ in length))
    method RecordLoadable.<A#6,B#5,C#4,D#3,E#2,F#1,R#6>create(RecordField<A#6,? super R#6>,RecordField<B#5,? super R#6>,RecordField<C#4,? super R#6>,RecordField<D#3,? super R#6>,RecordField<E#2,? super R#6>,RecordField<F#1,? super R#6>,Function6<A#6,B#5,C#4,D#3,E#2,F#1,R#6>) is not applicable
      (cannot infer type-variable(s) A#6,B#5,C#4,D#3,E#2,F#1,R#6,P#1,P#2,P#2,P#2,P#3,P#4
        (argument mismatch; incompatible parameter types in method reference))
    method RecordLoadable.<A#7,B#6,C#5,D#4,E#3,F#2,G#1,R#7>create(RecordField<A#7,? super R#7>,RecordField<B#6,? super R#7>,RecordField<C#5,? super R#7>,RecordField<D#4,? super R#7>,RecordField<E#3,? super R#7>,RecordField<F#2,? super R#7>,RecordField<G#1,? super R#7>,Function7<A#7,B#6,C#5,D#4,E#3,F#2,G#1,R#7>) is not applicable
      (cannot infer type-variable(s) A#7,B#6,C#5,D#4,E#3,F#2,G#1,R#7
        (actual and formal argument lists differ in length))
    method RecordLoadable.<A#8,B#7,C#6,D#5,E#4,F#3,G#2,H#1,R#8>create(RecordField<A#8,? super R#8>,RecordField<B#7,? super R#8>,RecordField<C#6,? super R#8>,RecordField<D#5,? super R#8>,RecordField<E#4,? super R#8>,RecordField<F#3,? super R#8>,RecordField<G#2,? super R#8>,RecordField<H#1,? super R#8>,Function8<A#8,B#7,C#6,D#5,E#4,F#3,G#2,H#1,R#8>) is not applicable
      (cannot infer type-variable(s) A#8,B#7,C#6,D#5,E#4,F#3,G#2,H#1,R#8
        (actual and formal argument lists differ in length))
    method RecordLoadable.<A#9,B#8,C#7,D#6,E#5,F#4,G#3,H#2,I#1,R#9>create(RecordField<A#9,? super R#9>,RecordField<B#8,? super R#9>,RecordField<C#7,? super R#9>,RecordField<D#6,? super R#9>,RecordField<E#5,? super R#9>,RecordField<F#4,? super R#9>,RecordField<G#3,? super R#9>,RecordField<H#2,? super R#9>,RecordField<I#1,? super R#9>,Function9<A#9,B#8,C#7,D#6,E#5,F#4,G#3,H#2,I#1,R#9>) is not applicable
      (cannot infer type-variable(s) A#9,B#8,C#7,D#6,E#5,F#4,G#3,H#2,I#1,R#9
        (actual and formal argument lists differ in length))
    method RecordLoadable.<A#10,B#9,C#8,D#7,E#6,F#5,G#4,H#3,I#2,J#1,R#10>create(RecordField<A#10,? super R#10>,RecordField<B#9,? super R#10>,RecordField<C#8,? super R#10>,RecordField<D#7,? super R#10>,RecordField<E#6,? super R#10>,RecordField<F#5,? super R#10>,RecordField<G#4,? super R#10>,RecordField<H#3,? super R#10>,RecordField<I#2,? super R#10>,RecordField<J#1,? super R#10>,Function10<A#10,B#9,C#8,D#7,E#6,F#5,G#4,H#3,I#2,J#1,R#10>) is not applicable
      (cannot infer type-variable(s) A#10,B#9,C#8,D#7,E#6,F#5,G#4,H#3,I#2,J#1,R#10
        (actual and formal argument lists differ in length))
    method RecordLoadable.<A#11,B#10,C#9,D#8,E#7,F#6,G#5,H#4,I#3,J#2,K#1,R#11>create(RecordField<A#11,? super R#11>,RecordField<B#10,? super R#11>,RecordField<C#9,? super R#11>,RecordField<D#8,? super R#11>,RecordField<E#7,? super R#11>,RecordField<F#6,? super R#11>,RecordField<G#5,? super R#11>,RecordField<H#4,? super R#11>,RecordField<I#3,? super R#11>,RecordField<J#2,? super R#11>,RecordField<K#1,? super R#11>,Function11<A#11,B#10,C#9,D#8,E#7,F#6,G#5,H#4,I#3,J#2,K#1,R#11>) is not applicable
      (cannot infer type-variable(s) A#11,B#10,C#9,D#8,E#7,F#6,G#5,H#4,I#3,J#2,K#1,R#11
        (actual and formal argument lists differ in length))
    method RecordLoadable.<A#12,B#11,C#10,D#9,E#8,F#7,G#6,H#5,I#4,J#3,K#2,L#1,R#12>create(RecordField<A#12,? super R#12>,RecordField<B#11,? super R#12>,RecordField<C#10,? super R#12>,RecordField<D#9,? super R#12>,RecordField<E#8,? super R#12>,RecordField<F#7,? super R#12>,RecordField<G#6,? super R#12>,RecordField<H#5,? super R#12>,RecordField<I#4,? super R#12>,RecordField<J#3,? super R#12>,RecordField<K#2,? super R#12>,RecordField<L#1,? super R#12>,Function12<A#12,B#11,C#10,D#9,E#8,F#7,G#6,H#5,I#4,J#3,K#2,L#1,R#12>) is not applicable
      (cannot infer type-variable(s) A#12,B#11,C#10,D#9,E#8,F#7,G#6,H#5,I#4,J#3,K#2,L#1,R#12
        (actual and formal argument lists differ in length))
    method RecordLoadable.<A#13,B#12,C#11,D#10,E#9,F#8,G#7,H#6,I#5,J#4,K#3,L#2,M#1,R#13>create(RecordField<A#13,? super R#13>,RecordField<B#12,? super R#13>,RecordField<C#11,? super R#13>,RecordField<D#10,? super R#13>,RecordField<E#9,? super R#13>,RecordField<F#8,? super R#13>,RecordField<G#7,? super R#13>,RecordField<H#6,? super R#13>,RecordField<I#5,? super R#13>,RecordField<J#4,? super R#13>,RecordField<K#3,? super R#13>,RecordField<L#2,? super R#13>,RecordField<M#1,? super R#13>,Function13<A#13,B#12,C#11,D#10,E#9,F#8,G#7,H#6,I#5,J#4,K#3,L#2,M#1,R#13>) is not applicable
      (cannot infer type-variable(s) A#13,B#12,C#11,D#10,E#9,F#8,G#7,H#6,I#5,J#4,K#3,L#2,M#1,R#13
        (actual and formal argument lists differ in length))
    method RecordLoadable.<A#14,B#13,C#12,D#11,E#10,F#9,G#8,H#7,I#6,J#5,K#4,L#3,M#2,N#1,R#14>create(RecordField<A#14,? super R#14>,RecordField<B#13,? super R#14>,RecordField<C#12,? super R#14>,RecordField<D#11,? super R#14>,RecordField<E#10,? super R#14>,RecordField<F#9,? super R#14>,RecordField<G#8,? super R#14>,RecordField<H#7,? super R#14>,RecordField<I#6,? super R#14>,RecordField<J#5,? super R#14>,RecordField<K#4,? super R#14>,RecordField<L#3,? super R#14>,RecordField<M#2,? super R#14>,RecordField<N#1,? super R#14>,Function14<A#14,B#13,C#12,D#11,E#10,F#9,G#8,H#7,I#6,J#5,K#4,L#3,M#2,N#1,R#14>) is not applicable
      (cannot infer type-variable(s) A#14,B#13,C#12,D#11,E#10,F#9,G#8,H#7,I#6,J#5,K#4,L#3,M#2,N#1,R#14
        (actual and formal argument lists differ in length))
    method RecordLoadable.<A#15,B#14,C#13,D#12,E#11,F#10,G#9,H#8,I#7,J#6,K#5,L#4,M#3,N#2,O#1,R#15>create(RecordField<A#15,? super R#15>,RecordField<B#14,? super R#15>,RecordField<C#13,? super R#15>,RecordField<D#12,? super R#15>,RecordField<E#11,? super R#15>,RecordField<F#10,? super R#15>,RecordField<G#9,? super R#15>,RecordField<H#8,? super R#15>,RecordField<I#7,? super R#15>,RecordField<J#6,? super R#15>,RecordField<K#5,? super R#15>,RecordField<L#4,? super R#15>,RecordField<M#3,? super R#15>,RecordField<N#2,? super R#15>,RecordField<O#1,? super R#15>,Function15<A#15,B#14,C#13,D#12,E#11,F#10,G#9,H#8,I#7,J#6,K#5,L#4,M#3,N#2,O#1,R#15>) is not applicable
      (cannot infer type-variable(s) A#15,B#14,C#13,D#12,E#11,F#10,G#9,H#8,I#7,J#6,K#5,L#4,M#3,N#2,O#1,R#15
        (actual and formal argument lists differ in length))
    method RecordLoadable.<A#16,B#15,C#14,D#13,E#12,F#11,G#10,H#9,I#8,J#7,K#6,L#5,M#4,N#3,O#2,P#5,R#16>create(RecordField<A#16,? super R#16>,RecordField<B#15,? super R#16>,RecordField<C#14,? super R#16>,RecordField<D#13,? super R#16>,RecordField<E#12,? super R#16>,RecordField<F#11,? super R#16>,RecordField<G#10,? super R#16>,RecordField<H#9,? super R#16>,RecordField<I#8,? super R#16>,RecordField<J#7,? super R#16>,RecordField<K#6,? super R#16>,RecordField<L#5,? super R#16>,RecordField<M#4,? super R#16>,RecordField<N#3,? super R#16>,RecordField<O#2,? super R#16>,RecordField<P#5,? super R#16>,Function16<A#16,B#15,C#14,D#13,E#12,F#11,G#10,H#9,I#8,J#7,K#6,L#5,M#4,N#3,O#2,P#5,R#16>) is not applicable
      (cannot infer type-variable(s) A#16,B#15,C#14,D#13,E#12,F#11,G#10,H#9,I#8,J#7,K#6,L#5,M#4,N#3,O#2,P#5,R#16
        (actual and formal argument lists differ in length))
  where A#1,R#1,A#2,B#1,R#2,A#3,B#2,C#1,R#3,A#4,B#3,C#2,D#1,R#4,A#5,B#4,C#3,D#2,E#1,R#5,A#6,B#5,C#4,D#3,E#2,F#1,R#6,P#1,T,P#2,P#3,P#4,A#7,B#6,C#5,D#4,E#3,F#2,G#1,R#7,A#8,B#7,C#6,D#5,E#4,F#3,G#2,H#1,R#8,A#9,B#8,C#7,D#6,E#5,F#4,G#3,H#2,I#1,R#9,A#10,B#9,C#8,D#7,E#6,F#5,G#4,H#3,I#2,J#1,R#10,A#11,B#10,C#9,D#8,E#7,F#6,G#5,H#4,I#3,J#2,K#1,R#11,A#12,B#11,C#10,D#9,E#8,F#7,G#6,H#5,I#4,J#3,K#2,L#1,R#12,A#13,B#12,C#11,D#10,E#9,F#8,G#7,H#6,I#5,J#4,K#3,L#2,M#1,R#13,A#14,B#13,C#12,D#11,E#10,F#9,G#8,H#7,I#6,J#5,K#4,L#3,M#2,N#1,R#14,A#15,B#14,C#13,D#12,E#11,F#10,G#9,H#8,I#7,J#6,K#5,L#4,M#3,N#2,O#1,R#15,A#16,B#15,C#14,D#13,E#12,F#11,G#10,H#9,I#8,J#7,K#6,L#5,M#4,N#3,O#2,P#5,R#16 are type-variables:
    A#1 extends Object declared in method <A#1,R#1>create(RecordField<A#1,? super R#1>,Function<A#1,R#1>)
    R#1 extends Object declared in method <A#1,R#1>create(RecordField<A#1,? super R#1>,Function<A#1,R#1>)
    A#2 extends Object declared in method <A#2,B#1,R#2>create(RecordField<A#2,? super R#2>,RecordField<B#1,? super R#2>,BiFunction<A#2,B#1,R#2>)
    B#1 extends Object declared in method <A#2,B#1,R#2>create(RecordField<A#2,? super R#2>,RecordField<B#1,? super R#2>,BiFunction<A#2,B#1,R#2>)
    R#2 extends Object declared in method <A#2,B#1,R#2>create(RecordField<A#2,? super R#2>,RecordField<B#1,? super R#2>,BiFunction<A#2,B#1,R#2>)
    A#3 extends Object declared in method <A#3,B#2,C#1,R#3>create(RecordField<A#3,? super R#3>,RecordField<B#2,? super R#3>,RecordField<C#1,? super R#3>,Function3<A#3,B#2,C#1,R#3>)
    B#2 extends Object declared in method <A#3,B#2,C#1,R#3>create(RecordField<A#3,? super R#3>,RecordField<B#2,? super R#3>,RecordField<C#1,? super R#3>,Function3<A#3,B#2,C#1,R#3>)
    C#1 extends Object declared in method <A#3,B#2,C#1,R#3>create(RecordField<A#3,? super R#3>,RecordField<B#2,? super R#3>,RecordField<C#1,? super R#3>,Function3<A#3,B#2,C#1,R#3>)
    R#3 extends Object declared in method <A#3,B#2,C#1,R#3>create(RecordField<A#3,? super R#3>,RecordField<B#2,? super R#3>,RecordField<C#1,? super R#3>,Function3<A#3,B#2,C#1,R#3>)
    A#4 extends Object declared in method <A#4,B#3,C#2,D#1,R#4>create(RecordField<A#4,? super R#4>,RecordField<B#3,? super R#4>,RecordField<C#2,? super R#4>,RecordField<D#1,? super R#4>,Function4<A#4,B#3,C#2,D#1,R#4>)
    B#3 extends Object declared in method <A#4,B#3,C#2,D#1,R#4>create(RecordField<A#4,? super R#4>,RecordField<B#3,? super R#4>,RecordField<C#2,? super R#4>,RecordField<D#1,? super R#4>,Function4<A#4,B#3,C#2,D#1,R#4>)
    C#2 extends Object declared in method <A#4,B#3,C#2,D#1,R#4>create(RecordField<A#4,? super R#4>,RecordField<B#3,? super R#4>,RecordField<C#2,? super R#4>,RecordField<D#1,? super R#4>,Function4<A#4,B#3,C#2,D#1,R#4>)
    D#1 extends Object declared in method <A#4,B#3,C#2,D#1,R#4>create(RecordField<A#4,? super R#4>,RecordField<B#3,? super R#4>,RecordField<C#2,? super R#4>,RecordField<D#1,? super R#4>,Function4<A#4,B#3,C#2,D#1,R#4>)
    R#4 extends Object declared in method <A#4,B#3,C#2,D#1,R#4>create(RecordField<A#4,? super R#4>,RecordField<B#3,? super R#4>,RecordField<C#2,? super R#4>,RecordField<D#1,? super R#4>,Function4<A#4,B#3,C#2,D#1,R#4>)
    A#5 extends Object declared in method <A#5,B#4,C#3,D#2,E#1,R#5>create(RecordField<A#5,? super R#5>,RecordField<B#4,? super R#5>,RecordField<C#3,? super R#5>,RecordField<D#2,? super R#5>,RecordField<E#1,? super R#5>,Function5<A#5,B#4,C#3,D#2,E#1,R#5>)
    B#4 extends Object declared in method <A#5,B#4,C#3,D#2,E#1,R#5>create(RecordField<A#5,? super R#5>,RecordField<B#4,? super R#5>,RecordField<C#3,? super R#5>,RecordField<D#2,? super R#5>,RecordField<E#1,? super R#5>,Function5<A#5,B#4,C#3,D#2,E#1,R#5>)
    C#3 extends Object declared in method <A#5,B#4,C#3,D#2,E#1,R#5>create(RecordField<A#5,? super R#5>,RecordField<B#4,? super R#5>,RecordField<C#3,? super R#5>,RecordField<D#2,? super R#5>,RecordField<E#1,? super R#5>,Function5<A#5,B#4,C#3,D#2,E#1,R#5>)
    D#2 extends Object declared in method <A#5,B#4,C#3,D#2,E#1,R#5>create(RecordField<A#5,? super R#5>,RecordField<B#4,? super R#5>,RecordField<C#3,? super R#5>,RecordField<D#2,? super R#5>,RecordField<E#1,? super R#5>,Function5<A#5,B#4,C#3,D#2,E#1,R#5>)
    E#1 extends Object declared in method <A#5,B#4,C#3,D#2,E#1,R#5>create(RecordField<A#5,? super R#5>,RecordField<B#4,? super R#5>,RecordField<C#3,? super R#5>,RecordField<D#2,? super R#5>,RecordField<E#1,? super R#5>,Function5<A#5,B#4,C#3,D#2,E#1,R#5>)
    R#5 extends Object declared in method <A#5,B#4,C#3,D#2,E#1,R#5>create(RecordField<A#5,? super R#5>,RecordField<B#4,? super R#5>,RecordField<C#3,? super R#5>,RecordField<D#2,? super R#5>,RecordField<E#1,? super R#5>,Function5<A#5,B#4,C#3,D#2,E#1,R#5>)
    A#6 extends Object declared in method <A#6,B#5,C#4,D#3,E#2,F#1,R#6>create(RecordField<A#6,? super R#6>,RecordField<B#5,? super R#6>,RecordField<C#4,? super R#6>,RecordField<D#3,? super R#6>,RecordField<E#2,? super R#6>,RecordField<F#1,? super R#6>,Function6<A#6,B#5,C#4,D#3,E#2,F#1,R#6>)
    B#5 extends Object declared in method <A#6,B#5,C#4,D#3,E#2,F#1,R#6>create(RecordField<A#6,? super R#6>,RecordField<B#5,? super R#6>,RecordField<C#4,? super R#6>,RecordField<D#3,? super R#6>,RecordField<E#2,? super R#6>,RecordField<F#1,? super R#6>,Function6<A#6,B#5,C#4,D#3,E#2,F#1,R#6>)
    C#4 extends Object declared in method <A#6,B#5,C#4,D#3,E#2,F#1,R#6>create(RecordField<A#6,? super R#6>,RecordField<B#5,? super R#6>,RecordField<C#4,? super R#6>,RecordField<D#3,? super R#6>,RecordField<E#2,? super R#6>,RecordField<F#1,? super R#6>,Function6<A#6,B#5,C#4,D#3,E#2,F#1,R#6>)
    D#3 extends Object declared in method <A#6,B#5,C#4,D#3,E#2,F#1,R#6>create(RecordField<A#6,? super R#6>,RecordField<B#5,? super R#6>,RecordField<C#4,? super R#6>,RecordField<D#3,? super R#6>,RecordField<E#2,? super R#6>,RecordField<F#1,? super R#6>,Function6<A#6,B#5,C#4,D#3,E#2,F#1,R#6>)
    E#2 extends Object declared in method <A#6,B#5,C#4,D#3,E#2,F#1,R#6>create(RecordField<A#6,? super R#6>,RecordField<B#5,? super R#6>,RecordField<C#4,? super R#6>,RecordField<D#3,? super R#6>,RecordField<E#2,? super R#6>,RecordField<F#1,? super R#6>,Function6<A#6,B#5,C#4,D#3,E#2,F#1,R#6>)
    F#1 extends Object declared in method <A#6,B#5,C#4,D#3,E#2,F#1,R#6>create(RecordField<A#6,? super R#6>,RecordField<B#5,? super R#6>,RecordField<C#4,? super R#6>,RecordField<D#3,? super R#6>,RecordField<E#2,? super R#6>,RecordField<F#1,? super R#6>,Function6<A#6,B#5,C#4,D#3,E#2,F#1,R#6>)
    R#6 extends Object declared in method <A#6,B#5,C#4,D#3,E#2,F#1,R#6>create(RecordField<A#6,? super R#6>,RecordField<B#5,? super R#6>,RecordField<C#4,? super R#6>,RecordField<D#3,? super R#6>,RecordField<E#2,? super R#6>,RecordField<F#1,? super R#6>,Function6<A#6,B#5,C#4,D#3,E#2,F#1,R#6>)
    P#1 extends Object declared in method <P#1>requiredField(String,Function<P#1,T>)
    T extends Object declared in interface Loadable
    P#2 extends Object declared in method <P#2>defaultField(String,T,Function<P#2,T>)
    P#3 extends Object declared in method <P#3>nullableField(String,Function<P#3,T>)
    P#4 extends Object declared in method <P#4>defaultField(String,T,boolean,Function<P#4,T>)
    A#7 extends Object declared in method <A#7,B#6,C#5,D#4,E#3,F#2,G#1,R#7>create(RecordField<A#7,? super R#7>,RecordField<B#6,? super R#7>,RecordField<C#5,? super R#7>,RecordField<D#4,? super R#7>,RecordField<E#3,? super R#7>,RecordField<F#2,? super R#7>,RecordField<G#1,? super R#7>,Function7<A#7,B#6,C#5,D#4,E#3,F#2,G#1,R#7>)
    B#6 extends Object declared in method <A#7,B#6,C#5,D#4,E#3,F#2,G#1,R#7>create(RecordField<A#7,? super R#7>,RecordField<B#6,? super R#7>,RecordField<C#5,? super R#7>,RecordField<D#4,? super R#7>,RecordField<E#3,? super R#7>,RecordField<F#2,? super R#7>,RecordField<G#1,? super R#7>,Function7<A#7,B#6,C#5,D#4,E#3,F#2,G#1,R#7>)
    C#5 extends Object declared in method <A#7,B#6,C#5,D#4,E#3,F#2,G#1,R#7>create(RecordField<A#7,? super R#7>,RecordField<B#6,? super R#7>,RecordField<C#5,? super R#7>,RecordField<D#4,? super R#7>,RecordField<E#3,? super R#7>,RecordField<F#2,? super R#7>,RecordField<G#1,? super R#7>,Function7<A#7,B#6,C#5,D#4,E#3,F#2,G#1,R#7>)
    D#4 extends Object declared in method <A#7,B#6,C#5,D#4,E#3,F#2,G#1,R#7>create(RecordField<A#7,? super R#7>,RecordField<B#6,? super R#7>,RecordField<C#5,? super R#7>,RecordField<D#4,? super R#7>,RecordField<E#3,? super R#7>,RecordField<F#2,? super R#7>,RecordField<G#1,? super R#7>,Function7<A#7,B#6,C#5,D#4,E#3,F#2,G#1,R#7>)
    E#3 extends Object declared in method <A#7,B#6,C#5,D#4,E#3,F#2,G#1,R#7>create(RecordField<A#7,? super R#7>,RecordField<B#6,? super R#7>,RecordField<C#5,? super R#7>,RecordField<D#4,? super R#7>,RecordField<E#3,? super R#7>,RecordField<F#2,? super R#7>,RecordField<G#1,? super R#7>,Function7<A#7,B#6,C#5,D#4,E#3,F#2,G#1,R#7>)
    F#2 extends Object declared in method <A#7,B#6,C#5,D#4,E#3,F#2,G#1,R#7>create(RecordField<A#7,? super R#7>,RecordField<B#6,? super R#7>,RecordField<C#5,? super R#7>,RecordField<D#4,? super R#7>,RecordField<E#3,? super R#7>,RecordField<F#2,? super R#7>,RecordField<G#1,? super R#7>,Function7<A#7,B#6,C#5,D#4,E#3,F#2,G#1,R#7>)
    G#1 extends Object declared in method <A#7,B#6,C#5,D#4,E#3,F#2,G#1,R#7>create(RecordField<A#7,? super R#7>,RecordField<B#6,? super R#7>,RecordField<C#5,? super R#7>,RecordField<D#4,? super R#7>,RecordField<E#3,? super R#7>,RecordField<F#2,? super R#7>,RecordField<G#1,? super R#7>,Function7<A#7,B#6,C#5,D#4,E#3,F#2,G#1,R#7>)
    R#7 extends Object declared in method <A#7,B#6,C#5,D#4,E#3,F#2,G#1,R#7>create(RecordField<A#7,? super R#7>,RecordField<B#6,? super R#7>,RecordField<C#5,? super R#7>,RecordField<D#4,? super R#7>,RecordField<E#3,? super R#7>,RecordField<F#2,? super R#7>,RecordField<G#1,? super R#7>,Function7<A#7,B#6,C#5,D#4,E#3,F#2,G#1,R#7>)
    A#8 extends Object declared in method <A#8,B#7,C#6,D#5,E#4,F#3,G#2,H#1,R#8>create(RecordField<A#8,? super R#8>,RecordField<B#7,? super R#8>,RecordField<C#6,? super R#8>,RecordField<D#5,? super R#8>,RecordField<E#4,? super R#8>,RecordField<F#3,? super R#8>,RecordField<G#2,? super R#8>,RecordField<H#1,? super R#8>,Function8<A#8,B#7,C#6,D#5,E#4,F#3,G#2,H#1,R#8>)
    B#7 extends Object declared in method <A#8,B#7,C#6,D#5,E#4,F#3,G#2,H#1,R#8>create(RecordField<A#8,? super R#8>,RecordField<B#7,? super R#8>,RecordField<C#6,? super R#8>,RecordField<D#5,? super R#8>,RecordField<E#4,? super R#8>,RecordField<F#3,? super R#8>,RecordField<G#2,? super R#8>,RecordField<H#1,? super R#8>,Function8<A#8,B#7,C#6,D#5,E#4,F#3,G#2,H#1,R#8>)
    C#6 extends Object declared in method <A#8,B#7,C#6,D#5,E#4,F#3,G#2,H#1,R#8>create(RecordField<A#8,? super R#8>,RecordField<B#7,? super R#8>,RecordField<C#6,? super R#8>,RecordField<D#5,? super R#8>,RecordField<E#4,? super R#8>,RecordField<F#3,? super R#8>,RecordField<G#2,? super R#8>,RecordField<H#1,? super R#8>,Function8<A#8,B#7,C#6,D#5,E#4,F#3,G#2,H#1,R#8>)
    D#5 extends Object declared in method <A#8,B#7,C#6,D#5,E#4,F#3,G#2,H#1,R#8>create(RecordField<A#8,? super R#8>,RecordField<B#7,? super R#8>,RecordField<C#6,? super R#8>,RecordField<D#5,? super R#8>,RecordField<E#4,? super R#8>,RecordField<F#3,? super R#8>,RecordField<G#2,? super R#8>,RecordField<H#1,? super R#8>,Function8<A#8,B#7,C#6,D#5,E#4,F#3,G#2,H#1,R#8>)
    E#4 extends Object declared in method <A#8,B#7,C#6,D#5,E#4,F#3,G#2,H#1,R#8>create(RecordField<A#8,? super R#8>,RecordField<B#7,? super R#8>,RecordField<C#6,? super R#8>,RecordField<D#5,? super R#8>,RecordField<E#4,? super R#8>,RecordField<F#3,? super R#8>,RecordField<G#2,? super R#8>,RecordField<H#1,? super R#8>,Function8<A#8,B#7,C#6,D#5,E#4,F#3,G#2,H#1,R#8>)
    F#3 extends Object declared in method <A#8,B#7,C#6,D#5,E#4,F#3,G#2,H#1,R#8>create(RecordField<A#8,? super R#8>,RecordField<B#7,? super R#8>,RecordField<C#6,? super R#8>,RecordField<D#5,? super R#8>,RecordField<E#4,? super R#8>,RecordField<F#3,? super R#8>,RecordField<G#2,? super R#8>,RecordField<H#1,? super R#8>,Function8<A#8,B#7,C#6,D#5,E#4,F#3,G#2,H#1,R#8>)
    G#2 extends Object declared in method <A#8,B#7,C#6,D#5,E#4,F#3,G#2,H#1,R#8>create(RecordField<A#8,? super R#8>,RecordField<B#7,? super R#8>,RecordField<C#6,? super R#8>,RecordField<D#5,? super R#8>,RecordField<E#4,? super R#8>,RecordField<F#3,? super R#8>,RecordField<G#2,? super R#8>,RecordField<H#1,? super R#8>,Function8<A#8,B#7,C#6,D#5,E#4,F#3,G#2,H#1,R#8>)
    H#1 extends Object declared in method <A#8,B#7,C#6,D#5,E#4,F#3,G#2,H#1,R#8>create(RecordField<A#8,? super R#8>,RecordField<B#7,? super R#8>,RecordField<C#6,? super R#8>,RecordField<D#5,? super R#8>,RecordField<E#4,? super R#8>,RecordField<F#3,? super R#8>,RecordField<G#2,? super R#8>,RecordField<H#1,? super R#8>,Function8<A#8,B#7,C#6,D#5,E#4,F#3,G#2,H#1,R#8>)
    R#8 extends Object declared in method <A#8,B#7,C#6,D#5,E#4,F#3,G#2,H#1,R#8>create(RecordField<A#8,? super R#8>,RecordField<B#7,? super R#8>,RecordField<C#6,? super R#8>,RecordField<D#5,? super R#8>,RecordField<E#4,? super R#8>,RecordField<F#3,? super R#8>,RecordField<G#2,? super R#8>,RecordField<H#1,? super R#8>,Function8<A#8,B#7,C#6,D#5,E#4,F#3,G#2,H#1,R#8>)
    A#9 extends Object declared in method <A#9,B#8,C#7,D#6,E#5,F#4,G#3,H#2,I#1,R#9>create(RecordField<A#9,? super R#9>,RecordField<B#8,? super R#9>,RecordField<C#7,? super R#9>,RecordField<D#6,? super R#9>,RecordField<E#5,? super R#9>,RecordField<F#4,? super R#9>,RecordField<G#3,? super R#9>,RecordField<H#2,? super R#9>,RecordField<I#1,? super R#9>,Function9<A#9,B#8,C#7,D#6,E#5,F#4,G#3,H#2,I#1,R#9>)
    B#8 extends Object declared in method <A#9,B#8,C#7,D#6,E#5,F#4,G#3,H#2,I#1,R#9>create(RecordField<A#9,? super R#9>,RecordField<B#8,? super R#9>,RecordField<C#7,? super R#9>,RecordField<D#6,? super R#9>,RecordField<E#5,? super R#9>,RecordField<F#4,? super R#9>,RecordField<G#3,? super R#9>,RecordField<H#2,? super R#9>,RecordField<I#1,? super R#9>,Function9<A#9,B#8,C#7,D#6,E#5,F#4,G#3,H#2,I#1,R#9>)
    C#7 extends Object declared in method <A#9,B#8,C#7,D#6,E#5,F#4,G#3,H#2,I#1,R#9>create(RecordField<A#9,? super R#9>,RecordField<B#8,? super R#9>,RecordField<C#7,? super R#9>,RecordField<D#6,? super R#9>,RecordField<E#5,? super R#9>,RecordField<F#4,? super R#9>,RecordField<G#3,? super R#9>,RecordField<H#2,? super R#9>,RecordField<I#1,? super R#9>,Function9<A#9,B#8,C#7,D#6,E#5,F#4,G#3,H#2,I#1,R#9>)
    D#6 extends Object declared in method <A#9,B#8,C#7,D#6,E#5,F#4,G#3,H#2,I#1,R#9>create(RecordField<A#9,? super R#9>,RecordField<B#8,? super R#9>,RecordField<C#7,? super R#9>,RecordField<D#6,? super R#9>,RecordField<E#5,? super R#9>,RecordField<F#4,? super R#9>,RecordField<G#3,? super R#9>,RecordField<H#2,? super R#9>,RecordField<I#1,? super R#9>,Function9<A#9,B#8,C#7,D#6,E#5,F#4,G#3,H#2,I#1,R#9>)
    E#5 extends Object declared in method <A#9,B#8,C#7,D#6,E#5,F#4,G#3,H#2,I#1,R#9>create(RecordField<A#9,? super R#9>,RecordField<B#8,? super R#9>,RecordField<C#7,? super R#9>,RecordField<D#6,? super R#9>,RecordField<E#5,? super R#9>,RecordField<F#4,? super R#9>,RecordField<G#3,? super R#9>,RecordField<H#2,? super R#9>,RecordField<I#1,? super R#9>,Function9<A#9,B#8,C#7,D#6,E#5,F#4,G#3,H#2,I#1,R#9>)
    F#4 extends Object declared in method <A#9,B#8,C#7,D#6,E#5,F#4,G#3,H#2,I#1,R#9>create(RecordField<A#9,? super R#9>,RecordField<B#8,? super R#9>,RecordField<C#7,? super R#9>,RecordField<D#6,? super R#9>,RecordField<E#5,? super R#9>,RecordField<F#4,? super R#9>,RecordField<G#3,? super R#9>,RecordField<H#2,? super R#9>,RecordField<I#1,? super R#9>,Function9<A#9,B#8,C#7,D#6,E#5,F#4,G#3,H#2,I#1,R#9>)
    G#3 extends Object declared in method <A#9,B#8,C#7,D#6,E#5,F#4,G#3,H#2,I#1,R#9>create(RecordField<A#9,? super R#9>,RecordField<B#8,? super R#9>,RecordField<C#7,? super R#9>,RecordField<D#6,? super R#9>,RecordField<E#5,? super R#9>,RecordField<F#4,? super R#9>,RecordField<G#3,? super R#9>,RecordField<H#2,? super R#9>,RecordField<I#1,? super R#9>,Function9<A#9,B#8,C#7,D#6,E#5,F#4,G#3,H#2,I#1,R#9>)
    H#2 extends Object declared in method <A#9,B#8,C#7,D#6,E#5,F#4,G#3,H#2,I#1,R#9>create(RecordField<A#9,? super R#9>,RecordField<B#8,? super R#9>,RecordField<C#7,? super R#9>,RecordField<D#6,? super R#9>,RecordField<E#5,? super R#9>,RecordField<F#4,? super R#9>,RecordField<G#3,? super R#9>,RecordField<H#2,? super R#9>,RecordField<I#1,? super R#9>,Function9<A#9,B#8,C#7,D#6,E#5,F#4,G#3,H#2,I#1,R#9>)
    I#1 extends Object declared in method <A#9,B#8,C#7,D#6,E#5,F#4,G#3,H#2,I#1,R#9>create(RecordField<A#9,? super R#9>,RecordField<B#8,? super R#9>,RecordField<C#7,? super R#9>,RecordField<D#6,? super R#9>,RecordField<E#5,? super R#9>,RecordField<F#4,? super R#9>,RecordField<G#3,? super R#9>,RecordField<H#2,? super R#9>,RecordField<I#1,? super R#9>,Function9<A#9,B#8,C#7,D#6,E#5,F#4,G#3,H#2,I#1,R#9>)
    R#9 extends Object declared in method <A#9,B#8,C#7,D#6,E#5,F#4,G#3,H#2,I#1,R#9>create(RecordField<A#9,? super R#9>,RecordField<B#8,? super R#9>,RecordField<C#7,? super R#9>,RecordField<D#6,? super R#9>,RecordField<E#5,? super R#9>,RecordField<F#4,? super R#9>,RecordField<G#3,? super R#9>,RecordField<H#2,? super R#9>,RecordField<I#1,? super R#9>,Function9<A#9,B#8,C#7,D#6,E#5,F#4,G#3,H#2,I#1,R#9>)
    A#10 extends Object declared in method <A#10,B#9,C#8,D#7,E#6,F#5,G#4,H#3,I#2,J#1,R#10>create(RecordField<A#10,? super R#10>,RecordField<B#9,? super R#10>,RecordField<C#8,? super R#10>,RecordField<D#7,? super R#10>,RecordField<E#6,? super R#10>,RecordField<F#5,? super R#10>,RecordField<G#4,? super R#10>,RecordField<H#3,? super R#10>,RecordField<I#2,? super R#10>,RecordField<J#1,? super R#10>,Function10<A#10,B#9,C#8,D#7,E#6,F#5,G#4,H#3,I#2,J#1,R#10>)
    B#9 extends Object declared in method <A#10,B#9,C#8,D#7,E#6,F#5,G#4,H#3,I#2,J#1,R#10>create(RecordField<A#10,? super R#10>,RecordField<B#9,? super R#10>,RecordField<C#8,? super R#10>,RecordField<D#7,? super R#10>,RecordField<E#6,? super R#10>,RecordField<F#5,? super R#10>,RecordField<G#4,? super R#10>,RecordField<H#3,? super R#10>,RecordField<I#2,? super R#10>,RecordField<J#1,? super R#10>,Function10<A#10,B#9,C#8,D#7,E#6,F#5,G#4,H#3,I#2,J#1,R#10>)
    C#8 extends Object declared in method <A#10,B#9,C#8,D#7,E#6,F#5,G#4,H#3,I#2,J#1,R#10>create(RecordField<A#10,? super R#10>,RecordField<B#9,? super R#10>,RecordField<C#8,? super R#10>,RecordField<D#7,? super R#10>,RecordField<E#6,? super R#10>,RecordField<F#5,? super R#10>,RecordField<G#4,? super R#10>,RecordField<H#3,? super R#10>,RecordField<I#2,? super R#10>,RecordField<J#1,? super R#10>,Function10<A#10,B#9,C#8,D#7,E#6,F#5,G#4,H#3,I#2,J#1,R#10>)
    D#7 extends Object declared in method <A#10,B#9,C#8,D#7,E#6,F#5,G#4,H#3,I#2,J#1,R#10>create(RecordField<A#10,? super R#10>,RecordField<B#9,? super R#10>,RecordField<C#8,? super R#10>,RecordField<D#7,? super R#10>,RecordField<E#6,? super R#10>,RecordField<F#5,? super R#10>,RecordField<G#4,? super R#10>,RecordField<H#3,? super R#10>,RecordField<I#2,? super R#10>,RecordField<J#1,? super R#10>,Function10<A#10,B#9,C#8,D#7,E#6,F#5,G#4,H#3,I#2,J#1,R#10>)
    E#6 extends Object declared in method <A#10,B#9,C#8,D#7,E#6,F#5,G#4,H#3,I#2,J#1,R#10>create(RecordField<A#10,? super R#10>,RecordField<B#9,? super R#10>,RecordField<C#8,? super R#10>,RecordField<D#7,? super R#10>,RecordField<E#6,? super R#10>,RecordField<F#5,? super R#10>,RecordField<G#4,? super R#10>,RecordField<H#3,? super R#10>,RecordField<I#2,? super R#10>,RecordField<J#1,? super R#10>,Function10<A#10,B#9,C#8,D#7,E#6,F#5,G#4,H#3,I#2,J#1,R#10>)
    F#5 extends Object declared in method <A#10,B#9,C#8,D#7,E#6,F#5,G#4,H#3,I#2,J#1,R#10>create(RecordField<A#10,? super R#10>,RecordField<B#9,? super R#10>,RecordField<C#8,? super R#10>,RecordField<D#7,? super R#10>,RecordField<E#6,? super R#10>,RecordField<F#5,? super R#10>,RecordField<G#4,? super R#10>,RecordField<H#3,? super R#10>,RecordField<I#2,? super R#10>,RecordField<J#1,? super R#10>,Function10<A#10,B#9,C#8,D#7,E#6,F#5,G#4,H#3,I#2,J#1,R#10>)
    G#4 extends Object declared in method <A#10,B#9,C#8,D#7,E#6,F#5,G#4,H#3,I#2,J#1,R#10>create(RecordField<A#10,? super R#10>,RecordField<B#9,? super R#10>,RecordField<C#8,? super R#10>,RecordField<D#7,? super R#10>,RecordField<E#6,? super R#10>,RecordField<F#5,? super R#10>,RecordField<G#4,? super R#10>,RecordField<H#3,? super R#10>,RecordField<I#2,? super R#10>,RecordField<J#1,? super R#10>,Function10<A#10,B#9,C#8,D#7,E#6,F#5,G#4,H#3,I#2,J#1,R#10>)
    H#3 extends Object declared in method <A#10,B#9,C#8,D#7,E#6,F#5,G#4,H#3,I#2,J#1,R#10>create(RecordField<A#10,? super R#10>,RecordField<B#9,? super R#10>,RecordField<C#8,? super R#10>,RecordField<D#7,? super R#10>,RecordField<E#6,? super R#10>,RecordField<F#5,? super R#10>,RecordField<G#4,? super R#10>,RecordField<H#3,? super R#10>,RecordField<I#2,? super R#10>,RecordField<J#1,? super R#10>,Function10<A#10,B#9,C#8,D#7,E#6,F#5,G#4,H#3,I#2,J#1,R#10>)
    I#2 extends Object declared in method <A#10,B#9,C#8,D#7,E#6,F#5,G#4,H#3,I#2,J#1,R#10>create(RecordField<A#10,? super R#10>,RecordField<B#9,? super R#10>,RecordField<C#8,? super R#10>,RecordField<D#7,? super R#10>,RecordField<E#6,? super R#10>,RecordField<F#5,? super R#10>,RecordField<G#4,? super R#10>,RecordField<H#3,? super R#10>,RecordField<I#2,? super R#10>,RecordField<J#1,? super R#10>,Function10<A#10,B#9,C#8,D#7,E#6,F#5,G#4,H#3,I#2,J#1,R#10>)
    J#1 extends Object declared in method <A#10,B#9,C#8,D#7,E#6,F#5,G#4,H#3,I#2,J#1,R#10>create(RecordField<A#10,? super R#10>,RecordField<B#9,? super R#10>,RecordField<C#8,? super R#10>,RecordField<D#7,? super R#10>,RecordField<E#6,? super R#10>,RecordField<F#5,? super R#10>,RecordField<G#4,? super R#10>,RecordField<H#3,? super R#10>,RecordField<I#2,? super R#10>,RecordField<J#1,? super R#10>,Function10<A#10,B#9,C#8,D#7,E#6,F#5,G#4,H#3,I#2,J#1,R#10>)
    R#10 extends Object declared in method <A#10,B#9,C#8,D#7,E#6,F#5,G#4,H#3,I#2,J#1,R#10>create(RecordField<A#10,? super R#10>,RecordField<B#9,? super R#10>,RecordField<C#8,? super R#10>,RecordField<D#7,? super R#10>,RecordField<E#6,? super R#10>,RecordField<F#5,? super R#10>,RecordField<G#4,? super R#10>,RecordField<H#3,? super R#10>,RecordField<I#2,? super R#10>,RecordField<J#1,? super R#10>,Function10<A#10,B#9,C#8,D#7,E#6,F#5,G#4,H#3,I#2,J#1,R#10>)
    A#11 extends Object declared in method <A#11,B#10,C#9,D#8,E#7,F#6,G#5,H#4,I#3,J#2,K#1,R#11>create(RecordField<A#11,? super R#11>,RecordField<B#10,? super R#11>,RecordField<C#9,? super R#11>,RecordField<D#8,? super R#11>,RecordField<E#7,? super R#11>,RecordField<F#6,? super R#11>,RecordField<G#5,? super R#11>,RecordField<H#4,? super R#11>,RecordField<I#3,? super R#11>,RecordField<J#2,? super R#11>,RecordField<K#1,? super R#11>,Function11<A#11,B#10,C#9,D#8,E#7,F#6,G#5,H#4,I#3,J#2,K#1,R#11>)
    B#10 extends Object declared in method <A#11,B#10,C#9,D#8,E#7,F#6,G#5,H#4,I#3,J#2,K#1,R#11>create(RecordField<A#11,? super R#11>,RecordField<B#10,? super R#11>,RecordField<C#9,? super R#11>,RecordField<D#8,? super R#11>,RecordField<E#7,? super R#11>,RecordField<F#6,? super R#11>,RecordField<G#5,? super R#11>,RecordField<H#4,? super R#11>,RecordField<I#3,? super R#11>,RecordField<J#2,? super R#11>,RecordField<K#1,? super R#11>,Function11<A#11,B#10,C#9,D#8,E#7,F#6,G#5,H#4,I#3,J#2,K#1,R#11>)
    C#9 extends Object declared in method <A#11,B#10,C#9,D#8,E#7,F#6,G#5,H#4,I#3,J#2,K#1,R#11>create(RecordField<A#11,? super R#11>,RecordField<B#10,? super R#11>,RecordField<C#9,? super R#11>,RecordField<D#8,? super R#11>,RecordField<E#7,? super R#11>,RecordField<F#6,? super R#11>,RecordField<G#5,? super R#11>,RecordField<H#4,? super R#11>,RecordField<I#3,? super R#11>,RecordField<J#2,? super R#11>,RecordField<K#1,? super R#11>,Function11<A#11,B#10,C#9,D#8,E#7,F#6,G#5,H#4,I#3,J#2,K#1,R#11>)
    D#8 extends Object declared in method <A#11,B#10,C#9,D#8,E#7,F#6,G#5,H#4,I#3,J#2,K#1,R#11>create(RecordField<A#11,? super R#11>,RecordField<B#10,? super R#11>,RecordField<C#9,? super R#11>,RecordField<D#8,? super R#11>,RecordField<E#7,? super R#11>,RecordField<F#6,? super R#11>,RecordField<G#5,? super R#11>,RecordField<H#4,? super R#11>,RecordField<I#3,? super R#11>,RecordField<J#2,? super R#11>,RecordField<K#1,? super R#11>,Function11<A#11,B#10,C#9,D#8,E#7,F#6,G#5,H#4,I#3,J#2,K#1,R#11>)
    E#7 extends Object declared in method <A#11,B#10,C#9,D#8,E#7,F#6,G#5,H#4,I#3,J#2,K#1,R#11>create(RecordField<A#11,? super R#11>,RecordField<B#10,? super R#11>,RecordField<C#9,? super R#11>,RecordField<D#8,? super R#11>,RecordField<E#7,? super R#11>,RecordField<F#6,? super R#11>,RecordField<G#5,? super R#11>,RecordField<H#4,? super R#11>,RecordField<I#3,? super R#11>,RecordField<J#2,? super R#11>,RecordField<K#1,? super R#11>,Function11<A#11,B#10,C#9,D#8,E#7,F#6,G#5,H#4,I#3,J#2,K#1,R#11>)
    F#6 extends Object declared in method <A#11,B#10,C#9,D#8,E#7,F#6,G#5,H#4,I#3,J#2,K#1,R#11>create(RecordField<A#11,? super R#11>,RecordField<B#10,? super R#11>,RecordField<C#9,? super R#11>,RecordField<D#8,? super R#11>,RecordField<E#7,? super R#11>,RecordField<F#6,? super R#11>,RecordField<G#5,? super R#11>,RecordField<H#4,? super R#11>,RecordField<I#3,? super R#11>,RecordField<J#2,? super R#11>,RecordField<K#1,? super R#11>,Function11<A#11,B#10,C#9,D#8,E#7,F#6,G#5,H#4,I#3,J#2,K#1,R#11>)
    G#5 extends Object declared in method <A#11,B#10,C#9,D#8,E#7,F#6,G#5,H#4,I#3,J#2,K#1,R#11>create(RecordField<A#11,? super R#11>,RecordField<B#10,? super R#11>,RecordField<C#9,? super R#11>,RecordField<D#8,? super R#11>,RecordField<E#7,? super R#11>,RecordField<F#6,? super R#11>,RecordField<G#5,? super R#11>,RecordField<H#4,? super R#11>,RecordField<I#3,? super R#11>,RecordField<J#2,? super R#11>,RecordField<K#1,? super R#11>,Function11<A#11,B#10,C#9,D#8,E#7,F#6,G#5,H#4,I#3,J#2,K#1,R#11>)
    H#4 extends Object declared in method <A#11,B#10,C#9,D#8,E#7,F#6,G#5,H#4,I#3,J#2,K#1,R#11>create(RecordField<A#11,? super R#11>,RecordField<B#10,? super R#11>,RecordField<C#9,? super R#11>,RecordField<D#8,? super R#11>,RecordField<E#7,? super R#11>,RecordField<F#6,? super R#11>,RecordField<G#5,? super R#11>,RecordField<H#4,? super R#11>,RecordField<I#3,? super R#11>,RecordField<J#2,? super R#11>,RecordField<K#1,? super R#11>,Function11<A#11,B#10,C#9,D#8,E#7,F#6,G#5,H#4,I#3,J#2,K#1,R#11>)
    I#3 extends Object declared in method <A#11,B#10,C#9,D#8,E#7,F#6,G#5,H#4,I#3,J#2,K#1,R#11>create(RecordField<A#11,? super R#11>,RecordField<B#10,? super R#11>,RecordField<C#9,? super R#11>,RecordField<D#8,? super R#11>,RecordField<E#7,? super R#11>,RecordField<F#6,? super R#11>,RecordField<G#5,? super R#11>,RecordField<H#4,? super R#11>,RecordField<I#3,? super R#11>,RecordField<J#2,? super R#11>,RecordField<K#1,? super R#11>,Function11<A#11,B#10,C#9,D#8,E#7,F#6,G#5,H#4,I#3,J#2,K#1,R#11>)
    J#2 extends Object declared in method <A#11,B#10,C#9,D#8,E#7,F#6,G#5,H#4,I#3,J#2,K#1,R#11>create(RecordField<A#11,? super R#11>,RecordField<B#10,? super R#11>,RecordField<C#9,? super R#11>,RecordField<D#8,? super R#11>,RecordField<E#7,? super R#11>,RecordField<F#6,? super R#11>,RecordField<G#5,? super R#11>,RecordField<H#4,? super R#11>,RecordField<I#3,? super R#11>,RecordField<J#2,? super R#11>,RecordField<K#1,? super R#11>,Function11<A#11,B#10,C#9,D#8,E#7,F#6,G#5,H#4,I#3,J#2,K#1,R#11>)
    K#1 extends Object declared in method <A#11,B#10,C#9,D#8,E#7,F#6,G#5,H#4,I#3,J#2,K#1,R#11>create(RecordField<A#11,? super R#11>,RecordField<B#10,? super R#11>,RecordField<C#9,? super R#11>,RecordField<D#8,? super R#11>,RecordField<E#7,? super R#11>,RecordField<F#6,? super R#11>,RecordField<G#5,? super R#11>,RecordField<H#4,? super R#11>,RecordField<I#3,? super R#11>,RecordField<J#2,? super R#11>,RecordField<K#1,? super R#11>,Function11<A#11,B#10,C#9,D#8,E#7,F#6,G#5,H#4,I#3,J#2,K#1,R#11>)
    R#11 extends Object declared in method <A#11,B#10,C#9,D#8,E#7,F#6,G#5,H#4,I#3,J#2,K#1,R#11>create(RecordField<A#11,? super R#11>,RecordField<B#10,? super R#11>,RecordField<C#9,? super R#11>,RecordField<D#8,? super R#11>,RecordField<E#7,? super R#11>,RecordField<F#6,? super R#11>,RecordField<G#5,? super R#11>,RecordField<H#4,? super R#11>,RecordField<I#3,? super R#11>,RecordField<J#2,? super R#11>,RecordField<K#1,? super R#11>,Function11<A#11,B#10,C#9,D#8,E#7,F#6,G#5,H#4,I#3,J#2,K#1,R#11>)
    A#12 extends Object declared in method <A#12,B#11,C#10,D#9,E#8,F#7,G#6,H#5,I#4,J#3,K#2,L#1,R#12>create(RecordField<A#12,? super R#12>,RecordField<B#11,? super R#12>,RecordField<C#10,? super R#12>,RecordField<D#9,? super R#12>,RecordField<E#8,? super R#12>,RecordField<F#7,? super R#12>,RecordField<G#6,? super R#12>,RecordField<H#5,? super R#12>,RecordField<I#4,? super R#12>,RecordField<J#3,? super R#12>,RecordField<K#2,? super R#12>,RecordField<L#1,? super R#12>,Function12<A#12,B#11,C#10,D#9,E#8,F#7,G#6,H#5,I#4,J#3,K#2,L#1,R#12>)
    B#11 extends Object declared in method <A#12,B#11,C#10,D#9,E#8,F#7,G#6,H#5,I#4,J#3,K#2,L#1,R#12>create(RecordField<A#12,? super R#12>,RecordField<B#11,? super R#12>,RecordField<C#10,? super R#12>,RecordField<D#9,? super R#12>,RecordField<E#8,? super R#12>,RecordField<F#7,? super R#12>,RecordField<G#6,? super R#12>,RecordField<H#5,? super R#12>,RecordField<I#4,? super R#12>,RecordField<J#3,? super R#12>,RecordField<K#2,? super R#12>,RecordField<L#1,? super R#12>,Function12<A#12,B#11,C#10,D#9,E#8,F#7,G#6,H#5,I#4,J#3,K#2,L#1,R#12>)
    C#10 extends Object declared in method <A#12,B#11,C#10,D#9,E#8,F#7,G#6,H#5,I#4,J#3,K#2,L#1,R#12>create(RecordField<A#12,? super R#12>,RecordField<B#11,? super R#12>,RecordField<C#10,? super R#12>,RecordField<D#9,? super R#12>,RecordField<E#8,? super R#12>,RecordField<F#7,? super R#12>,RecordField<G#6,? super R#12>,RecordField<H#5,? super R#12>,RecordField<I#4,? super R#12>,RecordField<J#3,? super R#12>,RecordField<K#2,? super R#12>,RecordField<L#1,? super R#12>,Function12<A#12,B#11,C#10,D#9,E#8,F#7,G#6,H#5,I#4,J#3,K#2,L#1,R#12>)
    D#9 extends Object declared in method <A#12,B#11,C#10,D#9,E#8,F#7,G#6,H#5,I#4,J#3,K#2,L#1,R#12>create(RecordField<A#12,? super R#12>,RecordField<B#11,? super R#12>,RecordField<C#10,? super R#12>,RecordField<D#9,? super R#12>,RecordField<E#8,? super R#12>,RecordField<F#7,? super R#12>,RecordField<G#6,? super R#12>,RecordField<H#5,? super R#12>,RecordField<I#4,? super R#12>,RecordField<J#3,? super R#12>,RecordField<K#2,? super R#12>,RecordField<L#1,? super R#12>,Function12<A#12,B#11,C#10,D#9,E#8,F#7,G#6,H#5,I#4,J#3,K#2,L#1,R#12>)
    E#8 extends Object declared in method <A#12,B#11,C#10,D#9,E#8,F#7,G#6,H#5,I#4,J#3,K#2,L#1,R#12>create(RecordField<A#12,? super R#12>,RecordField<B#11,? super R#12>,RecordField<C#10,? super R#12>,RecordField<D#9,? super R#12>,RecordField<E#8,? super R#12>,RecordField<F#7,? super R#12>,RecordField<G#6,? super R#12>,RecordField<H#5,? super R#12>,RecordField<I#4,? super R#12>,RecordField<J#3,? super R#12>,RecordField<K#2,? super R#12>,RecordField<L#1,? super R#12>,Function12<A#12,B#11,C#10,D#9,E#8,F#7,G#6,H#5,I#4,J#3,K#2,L#1,R#12>)
    F#7 extends Object declared in method <A#12,B#11,C#10,D#9,E#8,F#7,G#6,H#5,I#4,J#3,K#2,L#1,R#12>create(RecordField<A#12,? super R#12>,RecordField<B#11,? super R#12>,RecordField<C#10,? super R#12>,RecordField<D#9,? super R#12>,RecordField<E#8,? super R#12>,RecordField<F#7,? super R#12>,RecordField<G#6,? super R#12>,RecordField<H#5,? super R#12>,RecordField<I#4,? super R#12>,RecordField<J#3,? super R#12>,RecordField<K#2,? super R#12>,RecordField<L#1,? super R#12>,Function12<A#12,B#11,C#10,D#9,E#8,F#7,G#6,H#5,I#4,J#3,K#2,L#1,R#12>)
    G#6 extends Object declared in method <A#12,B#11,C#10,D#9,E#8,F#7,G#6,H#5,I#4,J#3,K#2,L#1,R#12>create(RecordField<A#12,? super R#12>,RecordField<B#11,? super R#12>,RecordField<C#10,? super R#12>,RecordField<D#9,? super R#12>,RecordField<E#8,? super R#12>,RecordField<F#7,? super R#12>,RecordField<G#6,? super R#12>,RecordField<H#5,? super R#12>,RecordField<I#4,? super R#12>,RecordField<J#3,? super R#12>,RecordField<K#2,? super R#12>,RecordField<L#1,? super R#12>,Function12<A#12,B#11,C#10,D#9,E#8,F#7,G#6,H#5,I#4,J#3,K#2,L#1,R#12>)
    H#5 extends Object declared in method <A#12,B#11,C#10,D#9,E#8,F#7,G#6,H#5,I#4,J#3,K#2,L#1,R#12>create(RecordField<A#12,? super R#12>,RecordField<B#11,? super R#12>,RecordField<C#10,? super R#12>,RecordField<D#9,? super R#12>,RecordField<E#8,? super R#12>,RecordField<F#7,? super R#12>,RecordField<G#6,? super R#12>,RecordField<H#5,? super R#12>,RecordField<I#4,? super R#12>,RecordField<J#3,? super R#12>,RecordField<K#2,? super R#12>,RecordField<L#1,? super R#12>,Function12<A#12,B#11,C#10,D#9,E#8,F#7,G#6,H#5,I#4,J#3,K#2,L#1,R#12>)
    I#4 extends Object declared in method <A#12,B#11,C#10,D#9,E#8,F#7,G#6,H#5,I#4,J#3,K#2,L#1,R#12>create(RecordField<A#12,? super R#12>,RecordField<B#11,? super R#12>,RecordField<C#10,? super R#12>,RecordField<D#9,? super R#12>,RecordField<E#8,? super R#12>,RecordField<F#7,? super R#12>,RecordField<G#6,? super R#12>,RecordField<H#5,? super R#12>,RecordField<I#4,? super R#12>,RecordField<J#3,? super R#12>,RecordField<K#2,? super R#12>,RecordField<L#1,? super R#12>,Function12<A#12,B#11,C#10,D#9,E#8,F#7,G#6,H#5,I#4,J#3,K#2,L#1,R#12>)
    J#3 extends Object declared in method <A#12,B#11,C#10,D#9,E#8,F#7,G#6,H#5,I#4,J#3,K#2,L#1,R#12>create(RecordField<A#12,? super R#12>,RecordField<B#11,? super R#12>,RecordField<C#10,? super R#12>,RecordField<D#9,? super R#12>,RecordField<E#8,? super R#12>,RecordField<F#7,? super R#12>,RecordField<G#6,? super R#12>,RecordField<H#5,? super R#12>,RecordField<I#4,? super R#12>,RecordField<J#3,? super R#12>,RecordField<K#2,? super R#12>,RecordField<L#1,? super R#12>,Function12<A#12,B#11,C#10,D#9,E#8,F#7,G#6,H#5,I#4,J#3,K#2,L#1,R#12>)
    K#2 extends Object declared in method <A#12,B#11,C#10,D#9,E#8,F#7,G#6,H#5,I#4,J#3,K#2,L#1,R#12>create(RecordField<A#12,? super R#12>,RecordField<B#11,? super R#12>,RecordField<C#10,? super R#12>,RecordField<D#9,? super R#12>,RecordField<E#8,? super R#12>,RecordField<F#7,? super R#12>,RecordField<G#6,? super R#12>,RecordField<H#5,? super R#12>,RecordField<I#4,? super R#12>,RecordField<J#3,? super R#12>,RecordField<K#2,? super R#12>,RecordField<L#1,? super R#12>,Function12<A#12,B#11,C#10,D#9,E#8,F#7,G#6,H#5,I#4,J#3,K#2,L#1,R#12>)
    L#1 extends Object declared in method <A#12,B#11,C#10,D#9,E#8,F#7,G#6,H#5,I#4,J#3,K#2,L#1,R#12>create(RecordField<A#12,? super R#12>,RecordField<B#11,? super R#12>,RecordField<C#10,? super R#12>,RecordField<D#9,? super R#12>,RecordField<E#8,? super R#12>,RecordField<F#7,? super R#12>,RecordField<G#6,? super R#12>,RecordField<H#5,? super R#12>,RecordField<I#4,? super R#12>,RecordField<J#3,? super R#12>,RecordField<K#2,? super R#12>,RecordField<L#1,? super R#12>,Function12<A#12,B#11,C#10,D#9,E#8,F#7,G#6,H#5,I#4,J#3,K#2,L#1,R#12>)
    R#12 extends Object declared in method <A#12,B#11,C#10,D#9,E#8,F#7,G#6,H#5,I#4,J#3,K#2,L#1,R#12>create(RecordField<A#12,? super R#12>,RecordField<B#11,? super R#12>,RecordField<C#10,? super R#12>,RecordField<D#9,? super R#12>,RecordField<E#8,? super R#12>,RecordField<F#7,? super R#12>,RecordField<G#6,? super R#12>,RecordField<H#5,? super R#12>,RecordField<I#4,? super R#12>,RecordField<J#3,? super R#12>,RecordField<K#2,? super R#12>,RecordField<L#1,? super R#12>,Function12<A#12,B#11,C#10,D#9,E#8,F#7,G#6,H#5,I#4,J#3,K#2,L#1,R#12>)
    A#13 extends Object declared in method <A#13,B#12,C#11,D#10,E#9,F#8,G#7,H#6,I#5,J#4,K#3,L#2,M#1,R#13>create(RecordField<A#13,? super R#13>,RecordField<B#12,? super R#13>,RecordField<C#11,? super R#13>,RecordField<D#10,? super R#13>,RecordField<E#9,? super R#13>,RecordField<F#8,? super R#13>,RecordField<G#7,? super R#13>,RecordField<H#6,? super R#13>,RecordField<I#5,? super R#13>,RecordField<J#4,? super R#13>,RecordField<K#3,? super R#13>,RecordField<L#2,? super R#13>,RecordField<M#1,? super R#13>,Function13<A#13,B#12,C#11,D#10,E#9,F#8,G#7,H#6,I#5,J#4,K#3,L#2,M#1,R#13>)
    B#12 extends Object declared in method <A#13,B#12,C#11,D#10,E#9,F#8,G#7,H#6,I#5,J#4,K#3,L#2,M#1,R#13>create(RecordField<A#13,? super R#13>,RecordField<B#12,? super R#13>,RecordField<C#11,? super R#13>,RecordField<D#10,? super R#13>,RecordField<E#9,? super R#13>,RecordField<F#8,? super R#13>,RecordField<G#7,? super R#13>,RecordField<H#6,? super R#13>,RecordField<I#5,? super R#13>,RecordField<J#4,? super R#13>,RecordField<K#3,? super R#13>,RecordField<L#2,? super R#13>,RecordField<M#1,? super R#13>,Function13<A#13,B#12,C#11,D#10,E#9,F#8,G#7,H#6,I#5,J#4,K#3,L#2,M#1,R#13>)
    C#11 extends Object declared in method <A#13,B#12,C#11,D#10,E#9,F#8,G#7,H#6,I#5,J#4,K#3,L#2,M#1,R#13>create(RecordField<A#13,? super R#13>,RecordField<B#12,? super R#13>,RecordField<C#11,? super R#13>,RecordField<D#10,? super R#13>,RecordField<E#9,? super R#13>,RecordField<F#8,? super R#13>,RecordField<G#7,? super R#13>,RecordField<H#6,? super R#13>,RecordField<I#5,? super R#13>,RecordField<J#4,? super R#13>,RecordField<K#3,? super R#13>,RecordField<L#2,? super R#13>,RecordField<M#1,? super R#13>,Function13<A#13,B#12,C#11,D#10,E#9,F#8,G#7,H#6,I#5,J#4,K#3,L#2,M#1,R#13>)
    D#10 extends Object declared in method <A#13,B#12,C#11,D#10,E#9,F#8,G#7,H#6,I#5,J#4,K#3,L#2,M#1,R#13>create(RecordField<A#13,? super R#13>,RecordField<B#12,? super R#13>,RecordField<C#11,? super R#13>,RecordField<D#10,? super R#13>,RecordField<E#9,? super R#13>,RecordField<F#8,? super R#13>,RecordField<G#7,? super R#13>,RecordField<H#6,? super R#13>,RecordField<I#5,? super R#13>,RecordField<J#4,? super R#13>,RecordField<K#3,? super R#13>,RecordField<L#2,? super R#13>,RecordField<M#1,? super R#13>,Function13<A#13,B#12,C#11,D#10,E#9,F#8,G#7,H#6,I#5,J#4,K#3,L#2,M#1,R#13>)
    E#9 extends Object declared in method <A#13,B#12,C#11,D#10,E#9,F#8,G#7,H#6,I#5,J#4,K#3,L#2,M#1,R#13>create(RecordField<A#13,? super R#13>,RecordField<B#12,? super R#13>,RecordField<C#11,? super R#13>,RecordField<D#10,? super R#13>,RecordField<E#9,? super R#13>,RecordField<F#8,? super R#13>,RecordField<G#7,? super R#13>,RecordField<H#6,? super R#13>,RecordField<I#5,? super R#13>,RecordField<J#4,? super R#13>,RecordField<K#3,? super R#13>,RecordField<L#2,? super R#13>,RecordField<M#1,? super R#13>,Function13<A#13,B#12,C#11,D#10,E#9,F#8,G#7,H#6,I#5,J#4,K#3,L#2,M#1,R#13>)
    F#8 extends Object declared in method <A#13,B#12,C#11,D#10,E#9,F#8,G#7,H#6,I#5,J#4,K#3,L#2,M#1,R#13>create(RecordField<A#13,? super R#13>,RecordField<B#12,? super R#13>,RecordField<C#11,? super R#13>,RecordField<D#10,? super R#13>,RecordField<E#9,? super R#13>,RecordField<F#8,? super R#13>,RecordField<G#7,? super R#13>,RecordField<H#6,? super R#13>,RecordField<I#5,? super R#13>,RecordField<J#4,? super R#13>,RecordField<K#3,? super R#13>,RecordField<L#2,? super R#13>,RecordField<M#1,? super R#13>,Function13<A#13,B#12,C#11,D#10,E#9,F#8,G#7,H#6,I#5,J#4,K#3,L#2,M#1,R#13>)
    G#7 extends Object declared in method <A#13,B#12,C#11,D#10,E#9,F#8,G#7,H#6,I#5,J#4,K#3,L#2,M#1,R#13>create(RecordField<A#13,? super R#13>,RecordField<B#12,? super R#13>,RecordField<C#11,? super R#13>,RecordField<D#10,? super R#13>,RecordField<E#9,? super R#13>,RecordField<F#8,? super R#13>,RecordField<G#7,? super R#13>,RecordField<H#6,? super R#13>,RecordField<I#5,? super R#13>,RecordField<J#4,? super R#13>,RecordField<K#3,? super R#13>,RecordField<L#2,? super R#13>,RecordField<M#1,? super R#13>,Function13<A#13,B#12,C#11,D#10,E#9,F#8,G#7,H#6,I#5,J#4,K#3,L#2,M#1,R#13>)
    H#6 extends Object declared in method <A#13,B#12,C#11,D#10,E#9,F#8,G#7,H#6,I#5,J#4,K#3,L#2,M#1,R#13>create(RecordField<A#13,? super R#13>,RecordField<B#12,? super R#13>,RecordField<C#11,? super R#13>,RecordField<D#10,? super R#13>,RecordField<E#9,? super R#13>,RecordField<F#8,? super R#13>,RecordField<G#7,? super R#13>,RecordField<H#6,? super R#13>,RecordField<I#5,? super R#13>,RecordField<J#4,? super R#13>,RecordField<K#3,? super R#13>,RecordField<L#2,? super R#13>,RecordField<M#1,? super R#13>,Function13<A#13,B#12,C#11,D#10,E#9,F#8,G#7,H#6,I#5,J#4,K#3,L#2,M#1,R#13>)
    I#5 extends Object declared in method <A#13,B#12,C#11,D#10,E#9,F#8,G#7,H#6,I#5,J#4,K#3,L#2,M#1,R#13>create(RecordField<A#13,? super R#13>,RecordField<B#12,? super R#13>,RecordField<C#11,? super R#13>,RecordField<D#10,? super R#13>,RecordField<E#9,? super R#13>,RecordField<F#8,? super R#13>,RecordField<G#7,? super R#13>,RecordField<H#6,? super R#13>,RecordField<I#5,? super R#13>,RecordField<J#4,? super R#13>,RecordField<K#3,? super R#13>,RecordField<L#2,? super R#13>,RecordField<M#1,? super R#13>,Function13<A#13,B#12,C#11,D#10,E#9,F#8,G#7,H#6,I#5,J#4,K#3,L#2,M#1,R#13>)
    J#4 extends Object declared in method <A#13,B#12,C#11,D#10,E#9,F#8,G#7,H#6,I#5,J#4,K#3,L#2,M#1,R#13>create(RecordField<A#13,? super R#13>,RecordField<B#12,? super R#13>,RecordField<C#11,? super R#13>,RecordField<D#10,? super R#13>,RecordField<E#9,? super R#13>,RecordField<F#8,? super R#13>,RecordField<G#7,? super R#13>,RecordField<H#6,? super R#13>,RecordField<I#5,? super R#13>,RecordField<J#4,? super R#13>,RecordField<K#3,? super R#13>,RecordField<L#2,? super R#13>,RecordField<M#1,? super R#13>,Function13<A#13,B#12,C#11,D#10,E#9,F#8,G#7,H#6,I#5,J#4,K#3,L#2,M#1,R#13>)
    K#3 extends Object declared in method <A#13,B#12,C#11,D#10,E#9,F#8,G#7,H#6,I#5,J#4,K#3,L#2,M#1,R#13>create(RecordField<A#13,? super R#13>,RecordField<B#12,? super R#13>,RecordField<C#11,? super R#13>,RecordField<D#10,? super R#13>,RecordField<E#9,? super R#13>,RecordField<F#8,? super R#13>,RecordField<G#7,? super R#13>,RecordField<H#6,? super R#13>,RecordField<I#5,? super R#13>,RecordField<J#4,? super R#13>,RecordField<K#3,? super R#13>,RecordField<L#2,? super R#13>,RecordField<M#1,? super R#13>,Function13<A#13,B#12,C#11,D#10,E#9,F#8,G#7,H#6,I#5,J#4,K#3,L#2,M#1,R#13>)
    L#2 extends Object declared in method <A#13,B#12,C#11,D#10,E#9,F#8,G#7,H#6,I#5,J#4,K#3,L#2,M#1,R#13>create(RecordField<A#13,? super R#13>,RecordField<B#12,? super R#13>,RecordField<C#11,? super R#13>,RecordField<D#10,? super R#13>,RecordField<E#9,? super R#13>,RecordField<F#8,? super R#13>,RecordField<G#7,? super R#13>,RecordField<H#6,? super R#13>,RecordField<I#5,? super R#13>,RecordField<J#4,? super R#13>,RecordField<K#3,? super R#13>,RecordField<L#2,? super R#13>,RecordField<M#1,? super R#13>,Function13<A#13,B#12,C#11,D#10,E#9,F#8,G#7,H#6,I#5,J#4,K#3,L#2,M#1,R#13>)
    M#1 extends Object declared in method <A#13,B#12,C#11,D#10,E#9,F#8,G#7,H#6,I#5,J#4,K#3,L#2,M#1,R#13>create(RecordField<A#13,? super R#13>,RecordField<B#12,? super R#13>,RecordField<C#11,? super R#13>,RecordField<D#10,? super R#13>,RecordField<E#9,? super R#13>,RecordField<F#8,? super R#13>,RecordField<G#7,? super R#13>,RecordField<H#6,? super R#13>,RecordField<I#5,? super R#13>,RecordField<J#4,? super R#13>,RecordField<K#3,? super R#13>,RecordField<L#2,? super R#13>,RecordField<M#1,? super R#13>,Function13<A#13,B#12,C#11,D#10,E#9,F#8,G#7,H#6,I#5,J#4,K#3,L#2,M#1,R#13>)
    R#13 extends Object declared in method <A#13,B#12,C#11,D#10,E#9,F#8,G#7,H#6,I#5,J#4,K#3,L#2,M#1,R#13>create(RecordField<A#13,? super R#13>,RecordField<B#12,? super R#13>,RecordField<C#11,? super R#13>,RecordField<D#10,? super R#13>,RecordField<E#9,? super R#13>,RecordField<F#8,? super R#13>,RecordField<G#7,? super R#13>,RecordField<H#6,? super R#13>,RecordField<I#5,? super R#13>,RecordField<J#4,? super R#13>,RecordField<K#3,? super R#13>,RecordField<L#2,? super R#13>,RecordField<M#1,? super R#13>,Function13<A#13,B#12,C#11,D#10,E#9,F#8,G#7,H#6,I#5,J#4,K#3,L#2,M#1,R#13>)
    A#14 extends Object declared in method <A#14,B#13,C#12,D#11,E#10,F#9,G#8,H#7,I#6,J#5,K#4,L#3,M#2,N#1,R#14>create(RecordField<A#14,? super R#14>,RecordField<B#13,? super R#14>,RecordField<C#12,? super R#14>,RecordField<D#11,? super R#14>,RecordField<E#10,? super R#14>,RecordField<F#9,? super R#14>,RecordField<G#8,? super R#14>,RecordField<H#7,? super R#14>,RecordField<I#6,? super R#14>,RecordField<J#5,? super R#14>,RecordField<K#4,? super R#14>,RecordField<L#3,? super R#14>,RecordField<M#2,? super R#14>,RecordField<N#1,? super R#14>,Function14<A#14,B#13,C#12,D#11,E#10,F#9,G#8,H#7,I#6,J#5,K#4,L#3,M#2,N#1,R#14>)
    B#13 extends Object declared in method <A#14,B#13,C#12,D#11,E#10,F#9,G#8,H#7,I#6,J#5,K#4,L#3,M#2,N#1,R#14>create(RecordField<A#14,? super R#14>,RecordField<B#13,? super R#14>,RecordField<C#12,? super R#14>,RecordField<D#11,? super R#14>,RecordField<E#10,? super R#14>,RecordField<F#9,? super R#14>,RecordField<G#8,? super R#14>,RecordField<H#7,? super R#14>,RecordField<I#6,? super R#14>,RecordField<J#5,? super R#14>,RecordField<K#4,? super R#14>,RecordField<L#3,? super R#14>,RecordField<M#2,? super R#14>,RecordField<N#1,? super R#14>,Function14<A#14,B#13,C#12,D#11,E#10,F#9,G#8,H#7,I#6,J#5,K#4,L#3,M#2,N#1,R#14>)
    C#12 extends Object declared in method <A#14,B#13,C#12,D#11,E#10,F#9,G#8,H#7,I#6,J#5,K#4,L#3,M#2,N#1,R#14>create(RecordField<A#14,? super R#14>,RecordField<B#13,? super R#14>,RecordField<C#12,? super R#14>,RecordField<D#11,? super R#14>,RecordField<E#10,? super R#14>,RecordField<F#9,? super R#14>,RecordField<G#8,? super R#14>,RecordField<H#7,? super R#14>,RecordField<I#6,? super R#14>,RecordField<J#5,? super R#14>,RecordField<K#4,? super R#14>,RecordField<L#3,? super R#14>,RecordField<M#2,? super R#14>,RecordField<N#1,? super R#14>,Function14<A#14,B#13,C#12,D#11,E#10,F#9,G#8,H#7,I#6,J#5,K#4,L#3,M#2,N#1,R#14>)
    D#11 extends Object declared in method <A#14,B#13,C#12,D#11,E#10,F#9,G#8,H#7,I#6,J#5,K#4,L#3,M#2,N#1,R#14>create(RecordField<A#14,? super R#14>,RecordField<B#13,? super R#14>,RecordField<C#12,? super R#14>,RecordField<D#11,? super R#14>,RecordField<E#10,? super R#14>,RecordField<F#9,? super R#14>,RecordField<G#8,? super R#14>,RecordField<H#7,? super R#14>,RecordField<I#6,? super R#14>,RecordField<J#5,? super R#14>,RecordField<K#4,? super R#14>,RecordField<L#3,? super R#14>,RecordField<M#2,? super R#14>,RecordField<N#1,? super R#14>,Function14<A#14,B#13,C#12,D#11,E#10,F#9,G#8,H#7,I#6,J#5,K#4,L#3,M#2,N#1,R#14>)
    E#10 extends Object declared in method <A#14,B#13,C#12,D#11,E#10,F#9,G#8,H#7,I#6,J#5,K#4,L#3,M#2,N#1,R#14>create(RecordField<A#14,? super R#14>,RecordField<B#13,? super R#14>,RecordField<C#12,? super R#14>,RecordField<D#11,? super R#14>,RecordField<E#10,? super R#14>,RecordField<F#9,? super R#14>,RecordField<G#8,? super R#14>,RecordField<H#7,? super R#14>,RecordField<I#6,? super R#14>,RecordField<J#5,? super R#14>,RecordField<K#4,? super R#14>,RecordField<L#3,? super R#14>,RecordField<M#2,? super R#14>,RecordField<N#1,? super R#14>,Function14<A#14,B#13,C#12,D#11,E#10,F#9,G#8,H#7,I#6,J#5,K#4,L#3,M#2,N#1,R#14>)
    F#9 extends Object declared in method <A#14,B#13,C#12,D#11,E#10,F#9,G#8,H#7,I#6,J#5,K#4,L#3,M#2,N#1,R#14>create(RecordField<A#14,? super R#14>,RecordField<B#13,? super R#14>,RecordField<C#12,? super R#14>,RecordField<D#11,? super R#14>,RecordField<E#10,? super R#14>,RecordField<F#9,? super R#14>,RecordField<G#8,? super R#14>,RecordField<H#7,? super R#14>,RecordField<I#6,? super R#14>,RecordField<J#5,? super R#14>,RecordField<K#4,? super R#14>,RecordField<L#3,? super R#14>,RecordField<M#2,? super R#14>,RecordField<N#1,? super R#14>,Function14<A#14,B#13,C#12,D#11,E#10,F#9,G#8,H#7,I#6,J#5,K#4,L#3,M#2,N#1,R#14>)
    G#8 extends Object declared in method <A#14,B#13,C#12,D#11,E#10,F#9,G#8,H#7,I#6,J#5,K#4,L#3,M#2,N#1,R#14>create(RecordField<A#14,? super R#14>,RecordField<B#13,? super R#14>,RecordField<C#12,? super R#14>,RecordField<D#11,? super R#14>,RecordField<E#10,? super R#14>,RecordField<F#9,? super R#14>,RecordField<G#8,? super R#14>,RecordField<H#7,? super R#14>,RecordField<I#6,? super R#14>,RecordField<J#5,? super R#14>,RecordField<K#4,? super R#14>,RecordField<L#3,? super R#14>,RecordField<M#2,? super R#14>,RecordField<N#1,? super R#14>,Function14<A#14,B#13,C#12,D#11,E#10,F#9,G#8,H#7,I#6,J#5,K#4,L#3,M#2,N#1,R#14>)
    H#7 extends Object declared in method <A#14,B#13,C#12,D#11,E#10,F#9,G#8,H#7,I#6,J#5,K#4,L#3,M#2,N#1,R#14>create(RecordField<A#14,? super R#14>,RecordField<B#13,? super R#14>,RecordField<C#12,? super R#14>,RecordField<D#11,? super R#14>,RecordField<E#10,? super R#14>,RecordField<F#9,? super R#14>,RecordField<G#8,? super R#14>,RecordField<H#7,? super R#14>,RecordField<I#6,? super R#14>,RecordField<J#5,? super R#14>,RecordField<K#4,? super R#14>,RecordField<L#3,? super R#14>,RecordField<M#2,? super R#14>,RecordField<N#1,? super R#14>,Function14<A#14,B#13,C#12,D#11,E#10,F#9,G#8,H#7,I#6,J#5,K#4,L#3,M#2,N#1,R#14>)
    I#6 extends Object declared in method <A#14,B#13,C#12,D#11,E#10,F#9,G#8,H#7,I#6,J#5,K#4,L#3,M#2,N#1,R#14>create(RecordField<A#14,? super R#14>,RecordField<B#13,? super R#14>,RecordField<C#12,? super R#14>,RecordField<D#11,? super R#14>,RecordField<E#10,? super R#14>,RecordField<F#9,? super R#14>,RecordField<G#8,? super R#14>,RecordField<H#7,? super R#14>,RecordField<I#6,? super R#14>,RecordField<J#5,? super R#14>,RecordField<K#4,? super R#14>,RecordField<L#3,? super R#14>,RecordField<M#2,? super R#14>,RecordField<N#1,? super R#14>,Function14<A#14,B#13,C#12,D#11,E#10,F#9,G#8,H#7,I#6,J#5,K#4,L#3,M#2,N#1,R#14>)
    J#5 extends Object declared in method <A#14,B#13,C#12,D#11,E#10,F#9,G#8,H#7,I#6,J#5,K#4,L#3,M#2,N#1,R#14>create(RecordField<A#14,? super R#14>,RecordField<B#13,? super R#14>,RecordField<C#12,? super R#14>,RecordField<D#11,? super R#14>,RecordField<E#10,? super R#14>,RecordField<F#9,? super R#14>,RecordField<G#8,? super R#14>,RecordField<H#7,? super R#14>,RecordField<I#6,? super R#14>,RecordField<J#5,? super R#14>,RecordField<K#4,? super R#14>,RecordField<L#3,? super R#14>,RecordField<M#2,? super R#14>,RecordField<N#1,? super R#14>,Function14<A#14,B#13,C#12,D#11,E#10,F#9,G#8,H#7,I#6,J#5,K#4,L#3,M#2,N#1,R#14>)
    K#4 extends Object declared in method <A#14,B#13,C#12,D#11,E#10,F#9,G#8,H#7,I#6,J#5,K#4,L#3,M#2,N#1,R#14>create(RecordField<A#14,? super R#14>,RecordField<B#13,? super R#14>,RecordField<C#12,? super R#14>,RecordField<D#11,? super R#14>,RecordField<E#10,? super R#14>,RecordField<F#9,? super R#14>,RecordField<G#8,? super R#14>,RecordField<H#7,? super R#14>,RecordField<I#6,? super R#14>,RecordField<J#5,? super R#14>,RecordField<K#4,? super R#14>,RecordField<L#3,? super R#14>,RecordField<M#2,? super R#14>,RecordField<N#1,? super R#14>,Function14<A#14,B#13,C#12,D#11,E#10,F#9,G#8,H#7,I#6,J#5,K#4,L#3,M#2,N#1,R#14>)
    L#3 extends Object declared in method <A#14,B#13,C#12,D#11,E#10,F#9,G#8,H#7,I#6,J#5,K#4,L#3,M#2,N#1,R#14>create(RecordField<A#14,? super R#14>,RecordField<B#13,? super R#14>,RecordField<C#12,? super R#14>,RecordField<D#11,? super R#14>,RecordField<E#10,? super R#14>,RecordField<F#9,? super R#14>,RecordField<G#8,? super R#14>,RecordField<H#7,? super R#14>,RecordField<I#6,? super R#14>,RecordField<J#5,? super R#14>,RecordField<K#4,? super R#14>,RecordField<L#3,? super R#14>,RecordField<M#2,? super R#14>,RecordField<N#1,? super R#14>,Function14<A#14,B#13,C#12,D#11,E#10,F#9,G#8,H#7,I#6,J#5,K#4,L#3,M#2,N#1,R#14>)
    M#2 extends Object declared in method <A#14,B#13,C#12,D#11,E#10,F#9,G#8,H#7,I#6,J#5,K#4,L#3,M#2,N#1,R#14>create(RecordField<A#14,? super R#14>,RecordField<B#13,? super R#14>,RecordField<C#12,? super R#14>,RecordField<D#11,? super R#14>,RecordField<E#10,? super R#14>,RecordField<F#9,? super R#14>,RecordField<G#8,? super R#14>,RecordField<H#7,? super R#14>,RecordField<I#6,? super R#14>,RecordField<J#5,? super R#14>,RecordField<K#4,? super R#14>,RecordField<L#3,? super R#14>,RecordField<M#2,? super R#14>,RecordField<N#1,? super R#14>,Function14<A#14,B#13,C#12,D#11,E#10,F#9,G#8,H#7,I#6,J#5,K#4,L#3,M#2,N#1,R#14>)
    N#1 extends Object declared in method <A#14,B#13,C#12,D#11,E#10,F#9,G#8,H#7,I#6,J#5,K#4,L#3,M#2,N#1,R#14>create(RecordField<A#14,? super R#14>,RecordField<B#13,? super R#14>,RecordField<C#12,? super R#14>,RecordField<D#11,? super R#14>,RecordField<E#10,? super R#14>,RecordField<F#9,? super R#14>,RecordField<G#8,? super R#14>,RecordField<H#7,? super R#14>,RecordField<I#6,? super R#14>,RecordField<J#5,? super R#14>,RecordField<K#4,? super R#14>,RecordField<L#3,? super R#14>,RecordField<M#2,? super R#14>,RecordField<N#1,? super R#14>,Function14<A#14,B#13,C#12,D#11,E#10,F#9,G#8,H#7,I#6,J#5,K#4,L#3,M#2,N#1,R#14>)
    R#14 extends Object declared in method <A#14,B#13,C#12,D#11,E#10,F#9,G#8,H#7,I#6,J#5,K#4,L#3,M#2,N#1,R#14>create(RecordField<A#14,? super R#14>,RecordField<B#13,? super R#14>,RecordField<C#12,? super R#14>,RecordField<D#11,? super R#14>,RecordField<E#10,? super R#14>,RecordField<F#9,? super R#14>,RecordField<G#8,? super R#14>,RecordField<H#7,? super R#14>,RecordField<I#6,? super R#14>,RecordField<J#5,? super R#14>,RecordField<K#4,? super R#14>,RecordField<L#3,? super R#14>,RecordField<M#2,? super R#14>,RecordField<N#1,? super R#14>,Function14<A#14,B#13,C#12,D#11,E#10,F#9,G#8,H#7,I#6,J#5,K#4,L#3,M#2,N#1,R#14>)
    A#15 extends Object declared in method <A#15,B#14,C#13,D#12,E#11,F#10,G#9,H#8,I#7,J#6,K#5,L#4,M#3,N#2,O#1,R#15>create(RecordField<A#15,? super R#15>,RecordField<B#14,? super R#15>,RecordField<C#13,? super R#15>,RecordField<D#12,? super R#15>,RecordField<E#11,? super R#15>,RecordField<F#10,? super R#15>,RecordField<G#9,? super R#15>,RecordField<H#8,? super R#15>,RecordField<I#7,? super R#15>,RecordField<J#6,? super R#15>,RecordField<K#5,? super R#15>,RecordField<L#4,? super R#15>,RecordField<M#3,? super R#15>,RecordField<N#2,? super R#15>,RecordField<O#1,? super R#15>,Function15<A#15,B#14,C#13,D#12,E#11,F#10,G#9,H#8,I#7,J#6,K#5,L#4,M#3,N#2,O#1,R#15>)
    B#14 extends Object declared in method <A#15,B#14,C#13,D#12,E#11,F#10,G#9,H#8,I#7,J#6,K#5,L#4,M#3,N#2,O#1,R#15>create(RecordField<A#15,? super R#15>,RecordField<B#14,? super R#15>,RecordField<C#13,? super R#15>,RecordField<D#12,? super R#15>,RecordField<E#11,? super R#15>,RecordField<F#10,? super R#15>,RecordField<G#9,? super R#15>,RecordField<H#8,? super R#15>,RecordField<I#7,? super R#15>,RecordField<J#6,? super R#15>,RecordField<K#5,? super R#15>,RecordField<L#4,? super R#15>,RecordField<M#3,? super R#15>,RecordField<N#2,? super R#15>,RecordField<O#1,? super R#15>,Function15<A#15,B#14,C#13,D#12,E#11,F#10,G#9,H#8,I#7,J#6,K#5,L#4,M#3,N#2,O#1,R#15>)
    C#13 extends Object declared in method <A#15,B#14,C#13,D#12,E#11,F#10,G#9,H#8,I#7,J#6,K#5,L#4,M#3,N#2,O#1,R#15>create(RecordField<A#15,? super R#15>,RecordField<B#14,? super R#15>,RecordField<C#13,? super R#15>,RecordField<D#12,? super R#15>,RecordField<E#11,? super R#15>,RecordField<F#10,? super R#15>,RecordField<G#9,? super R#15>,RecordField<H#8,? super R#15>,RecordField<I#7,? super R#15>,RecordField<J#6,? super R#15>,RecordField<K#5,? super R#15>,RecordField<L#4,? super R#15>,RecordField<M#3,? super R#15>,RecordField<N#2,? super R#15>,RecordField<O#1,? super R#15>,Function15<A#15,B#14,C#13,D#12,E#11,F#10,G#9,H#8,I#7,J#6,K#5,L#4,M#3,N#2,O#1,R#15>)
    D#12 extends Object declared in method <A#15,B#14,C#13,D#12,E#11,F#10,G#9,H#8,I#7,J#6,K#5,L#4,M#3,N#2,O#1,R#15>create(RecordField<A#15,? super R#15>,RecordField<B#14,? super R#15>,RecordField<C#13,? super R#15>,RecordField<D#12,? super R#15>,RecordField<E#11,? super R#15>,RecordField<F#10,? super R#15>,RecordField<G#9,? super R#15>,RecordField<H#8,? super R#15>,RecordField<I#7,? super R#15>,RecordField<J#6,? super R#15>,RecordField<K#5,? super R#15>,RecordField<L#4,? super R#15>,RecordField<M#3,? super R#15>,RecordField<N#2,? super R#15>,RecordField<O#1,? super R#15>,Function15<A#15,B#14,C#13,D#12,E#11,F#10,G#9,H#8,I#7,J#6,K#5,L#4,M#3,N#2,O#1,R#15>)
    E#11 extends Object declared in method <A#15,B#14,C#13,D#12,E#11,F#10,G#9,H#8,I#7,J#6,K#5,L#4,M#3,N#2,O#1,R#15>create(RecordField<A#15,? super R#15>,RecordField<B#14,? super R#15>,RecordField<C#13,? super R#15>,RecordField<D#12,? super R#15>,RecordField<E#11,? super R#15>,RecordField<F#10,? super R#15>,RecordField<G#9,? super R#15>,RecordField<H#8,? super R#15>,RecordField<I#7,? super R#15>,RecordField<J#6,? super R#15>,RecordField<K#5,? super R#15>,RecordField<L#4,? super R#15>,RecordField<M#3,? super R#15>,RecordField<N#2,? super R#15>,RecordField<O#1,? super R#15>,Function15<A#15,B#14,C#13,D#12,E#11,F#10,G#9,H#8,I#7,J#6,K#5,L#4,M#3,N#2,O#1,R#15>)
    F#10 extends Object declared in method <A#15,B#14,C#13,D#12,E#11,F#10,G#9,H#8,I#7,J#6,K#5,L#4,M#3,N#2,O#1,R#15>create(RecordField<A#15,? super R#15>,RecordField<B#14,? super R#15>,RecordField<C#13,? super R#15>,RecordField<D#12,? super R#15>,RecordField<E#11,? super R#15>,RecordField<F#10,? super R#15>,RecordField<G#9,? super R#15>,RecordField<H#8,? super R#15>,RecordField<I#7,? super R#15>,RecordField<J#6,? super R#15>,RecordField<K#5,? super R#15>,RecordField<L#4,? super R#15>,RecordField<M#3,? super R#15>,RecordField<N#2,? super R#15>,RecordField<O#1,? super R#15>,Function15<A#15,B#14,C#13,D#12,E#11,F#10,G#9,H#8,I#7,J#6,K#5,L#4,M#3,N#2,O#1,R#15>)
    G#9 extends Object declared in method <A#15,B#14,C#13,D#12,E#11,F#10,G#9,H#8,I#7,J#6,K#5,L#4,M#3,N#2,O#1,R#15>create(RecordField<A#15,? super R#15>,RecordField<B#14,? super R#15>,RecordField<C#13,? super R#15>,RecordField<D#12,? super R#15>,RecordField<E#11,? super R#15>,RecordField<F#10,? super R#15>,RecordField<G#9,? super R#15>,RecordField<H#8,? super R#15>,RecordField<I#7,? super R#15>,RecordField<J#6,? super R#15>,RecordField<K#5,? super R#15>,RecordField<L#4,? super R#15>,RecordField<M#3,? super R#15>,RecordField<N#2,? super R#15>,RecordField<O#1,? super R#15>,Function15<A#15,B#14,C#13,D#12,E#11,F#10,G#9,H#8,I#7,J#6,K#5,L#4,M#3,N#2,O#1,R#15>)
    H#8 extends Object declared in method <A#15,B#14,C#13,D#12,E#11,F#10,G#9,H#8,I#7,J#6,K#5,L#4,M#3,N#2,O#1,R#15>create(RecordField<A#15,? super R#15>,RecordField<B#14,? super R#15>,RecordField<C#13,? super R#15>,RecordField<D#12,? super R#15>,RecordField<E#11,? super R#15>,RecordField<F#10,? super R#15>,RecordField<G#9,? super R#15>,RecordField<H#8,? super R#15>,RecordField<I#7,? super R#15>,RecordField<J#6,? super R#15>,RecordField<K#5,? super R#15>,RecordField<L#4,? super R#15>,RecordField<M#3,? super R#15>,RecordField<N#2,? super R#15>,RecordField<O#1,? super R#15>,Function15<A#15,B#14,C#13,D#12,E#11,F#10,G#9,H#8,I#7,J#6,K#5,L#4,M#3,N#2,O#1,R#15>)
    I#7 extends Object declared in method <A#15,B#14,C#13,D#12,E#11,F#10,G#9,H#8,I#7,J#6,K#5,L#4,M#3,N#2,O#1,R#15>create(RecordField<A#15,? super R#15>,RecordField<B#14,? super R#15>,RecordField<C#13,? super R#15>,RecordField<D#12,? super R#15>,RecordField<E#11,? super R#15>,RecordField<F#10,? super R#15>,RecordField<G#9,? super R#15>,RecordField<H#8,? super R#15>,RecordField<I#7,? super R#15>,RecordField<J#6,? super R#15>,RecordField<K#5,? super R#15>,RecordField<L#4,? super R#15>,RecordField<M#3,? super R#15>,RecordField<N#2,? super R#15>,RecordField<O#1,? super R#15>,Function15<A#15,B#14,C#13,D#12,E#11,F#10,G#9,H#8,I#7,J#6,K#5,L#4,M#3,N#2,O#1,R#15>)
    J#6 extends Object declared in method <A#15,B#14,C#13,D#12,E#11,F#10,G#9,H#8,I#7,J#6,K#5,L#4,M#3,N#2,O#1,R#15>create(RecordField<A#15,? super R#15>,RecordField<B#14,? super R#15>,RecordField<C#13,? super R#15>,RecordField<D#12,? super R#15>,RecordField<E#11,? super R#15>,RecordField<F#10,? super R#15>,RecordField<G#9,? super R#15>,RecordField<H#8,? super R#15>,RecordField<I#7,? super R#15>,RecordField<J#6,? super R#15>,RecordField<K#5,? super R#15>,RecordField<L#4,? super R#15>,RecordField<M#3,? super R#15>,RecordField<N#2,? super R#15>,RecordField<O#1,? super R#15>,Function15<A#15,B#14,C#13,D#12,E#11,F#10,G#9,H#8,I#7,J#6,K#5,L#4,M#3,N#2,O#1,R#15>)
    K#5 extends Object declared in method <A#15,B#14,C#13,D#12,E#11,F#10,G#9,H#8,I#7,J#6,K#5,L#4,M#3,N#2,O#1,R#15>create(RecordField<A#15,? super R#15>,RecordField<B#14,? super R#15>,RecordField<C#13,? super R#15>,RecordField<D#12,? super R#15>,RecordField<E#11,? super R#15>,RecordField<F#10,? super R#15>,RecordField<G#9,? super R#15>,RecordField<H#8,? super R#15>,RecordField<I#7,? super R#15>,RecordField<J#6,? super R#15>,RecordField<K#5,? super R#15>,RecordField<L#4,? super R#15>,RecordField<M#3,? super R#15>,RecordField<N#2,? super R#15>,RecordField<O#1,? super R#15>,Function15<A#15,B#14,C#13,D#12,E#11,F#10,G#9,H#8,I#7,J#6,K#5,L#4,M#3,N#2,O#1,R#15>)
    L#4 extends Object declared in method <A#15,B#14,C#13,D#12,E#11,F#10,G#9,H#8,I#7,J#6,K#5,L#4,M#3,N#2,O#1,R#15>create(RecordField<A#15,? super R#15>,RecordField<B#14,? super R#15>,RecordField<C#13,? super R#15>,RecordField<D#12,? super R#15>,RecordField<E#11,? super R#15>,RecordField<F#10,? super R#15>,RecordField<G#9,? super R#15>,RecordField<H#8,? super R#15>,RecordField<I#7,? super R#15>,RecordField<J#6,? super R#15>,RecordField<K#5,? super R#15>,RecordField<L#4,? super R#15>,RecordField<M#3,? super R#15>,RecordField<N#2,? super R#15>,RecordField<O#1,? super R#15>,Function15<A#15,B#14,C#13,D#12,E#11,F#10,G#9,H#8,I#7,J#6,K#5,L#4,M#3,N#2,O#1,R#15>)
    M#3 extends Object declared in method <A#15,B#14,C#13,D#12,E#11,F#10,G#9,H#8,I#7,J#6,K#5,L#4,M#3,N#2,O#1,R#15>create(RecordField<A#15,? super R#15>,RecordField<B#14,? super R#15>,RecordField<C#13,? super R#15>,RecordField<D#12,? super R#15>,RecordField<E#11,? super R#15>,RecordField<F#10,? super R#15>,RecordField<G#9,? super R#15>,RecordField<H#8,? super R#15>,RecordField<I#7,? super R#15>,RecordField<J#6,? super R#15>,RecordField<K#5,? super R#15>,RecordField<L#4,? super R#15>,RecordField<M#3,? super R#15>,RecordField<N#2,? super R#15>,RecordField<O#1,? super R#15>,Function15<A#15,B#14,C#13,D#12,E#11,F#10,G#9,H#8,I#7,J#6,K#5,L#4,M#3,N#2,O#1,R#15>)
    N#2 extends Object declared in method <A#15,B#14,C#13,D#12,E#11,F#10,G#9,H#8,I#7,J#6,K#5,L#4,M#3,N#2,O#1,R#15>create(RecordField<A#15,? super R#15>,RecordField<B#14,? super R#15>,RecordField<C#13,? super R#15>,RecordField<D#12,? super R#15>,RecordField<E#11,? super R#15>,RecordField<F#10,? super R#15>,RecordField<G#9,? super R#15>,RecordField<H#8,? super R#15>,RecordField<I#7,? super R#15>,RecordField<J#6,? super R#15>,RecordField<K#5,? super R#15>,RecordField<L#4,? super R#15>,RecordField<M#3,? super R#15>,RecordField<N#2,? super R#15>,RecordField<O#1,? super R#15>,Function15<A#15,B#14,C#13,D#12,E#11,F#10,G#9,H#8,I#7,J#6,K#5,L#4,M#3,N#2,O#1,R#15>)
    O#1 extends Object declared in method <A#15,B#14,C#13,D#12,E#11,F#10,G#9,H#8,I#7,J#6,K#5,L#4,M#3,N#2,O#1,R#15>create(RecordField<A#15,? super R#15>,RecordField<B#14,? super R#15>,RecordField<C#13,? super R#15>,RecordField<D#12,? super R#15>,RecordField<E#11,? super R#15>,RecordField<F#10,? super R#15>,RecordField<G#9,? super R#15>,RecordField<H#8,? super R#15>,RecordField<I#7,? super R#15>,RecordField<J#6,? super R#15>,RecordField<K#5,? super R#15>,RecordField<L#4,? super R#15>,RecordField<M#3,? super R#15>,RecordField<N#2,? super R#15>,RecordField<O#1,? super R#15>,Function15<A#15,B#14,C#13,D#12,E#11,F#10,G#9,H#8,I#7,J#6,K#5,L#4,M#3,N#2,O#1,R#15>)
    R#15 extends Object declared in method <A#15,B#14,C#13,D#12,E#11,F#10,G#9,H#8,I#7,J#6,K#5,L#4,M#3,N#2,O#1,R#15>create(RecordField<A#15,? super R#15>,RecordField<B#14,? super R#15>,RecordField<C#13,? super R#15>,RecordField<D#12,? super R#15>,RecordField<E#11,? super R#15>,RecordField<F#10,? super R#15>,RecordField<G#9,? super R#15>,RecordField<H#8,? super R#15>,RecordField<I#7,? super R#15>,RecordField<J#6,? super R#15>,RecordField<K#5,? super R#15>,RecordField<L#4,? super R#15>,RecordField<M#3,? super R#15>,RecordField<N#2,? super R#15>,RecordField<O#1,? super R#15>,Function15<A#15,B#14,C#13,D#12,E#11,F#10,G#9,H#8,I#7,J#6,K#5,L#4,M#3,N#2,O#1,R#15>)
    A#16 extends Object declared in method <A#16,B#15,C#14,D#13,E#12,F#11,G#10,H#9,I#8,J#7,K#6,L#5,M#4,N#3,O#2,P#5,R#16>create(RecordField<A#16,? super R#16>,RecordField<B#15,? super R#16>,RecordField<C#14,? super R#16>,RecordField<D#13,? super R#16>,RecordField<E#12,? super R#16>,RecordField<F#11,? super R#16>,RecordField<G#10,? super R#16>,RecordField<H#9,? super R#16>,RecordField<I#8,? super R#16>,RecordField<J#7,? super R#16>,RecordField<K#6,? super R#16>,RecordField<L#5,? super R#16>,RecordField<M#4,? super R#16>,RecordField<N#3,? super R#16>,RecordField<O#2,? super R#16>,RecordField<P#5,? super R#16>,Function16<A#16,B#15,C#14,D#13,E#12,F#11,G#10,H#9,I#8,J#7,K#6,L#5,M#4,N#3,O#2,P#5,R#16>)
    B#15 extends Object declared in method <A#16,B#15,C#14,D#13,E#12,F#11,G#10,H#9,I#8,J#7,K#6,L#5,M#4,N#3,O#2,P#5,R#16>create(RecordField<A#16,? super R#16>,RecordField<B#15,? super R#16>,RecordField<C#14,? super R#16>,RecordField<D#13,? super R#16>,RecordField<E#12,? super R#16>,RecordField<F#11,? super R#16>,RecordField<G#10,? super R#16>,RecordField<H#9,? super R#16>,RecordField<I#8,? super R#16>,RecordField<J#7,? super R#16>,RecordField<K#6,? super R#16>,RecordField<L#5,? super R#16>,RecordField<M#4,? super R#16>,RecordField<N#3,? super R#16>,RecordField<O#2,? super R#16>,RecordField<P#5,? super R#16>,Function16<A#16,B#15,C#14,D#13,E#12,F#11,G#10,H#9,I#8,J#7,K#6,L#5,M#4,N#3,O#2,P#5,R#16>)
    C#14 extends Object declared in method <A#16,B#15,C#14,D#13,E#12,F#11,G#10,H#9,I#8,J#7,K#6,L#5,M#4,N#3,O#2,P#5,R#16>create(RecordField<A#16,? super R#16>,RecordField<B#15,? super R#16>,RecordField<C#14,? super R#16>,RecordField<D#13,? super R#16>,RecordField<E#12,? super R#16>,RecordField<F#11,? super R#16>,RecordField<G#10,? super R#16>,RecordField<H#9,? super R#16>,RecordField<I#8,? super R#16>,RecordField<J#7,? super R#16>,RecordField<K#6,? super R#16>,RecordField<L#5,? super R#16>,RecordField<M#4,? super R#16>,RecordField<N#3,? super R#16>,RecordField<O#2,? super R#16>,RecordField<P#5,? super R#16>,Function16<A#16,B#15,C#14,D#13,E#12,F#11,G#10,H#9,I#8,J#7,K#6,L#5,M#4,N#3,O#2,P#5,R#16>)
    D#13 extends Object declared in method <A#16,B#15,C#14,D#13,E#12,F#11,G#10,H#9,I#8,J#7,K#6,L#5,M#4,N#3,O#2,P#5,R#16>create(RecordField<A#16,? super R#16>,RecordField<B#15,? super R#16>,RecordField<C#14,? super R#16>,RecordField<D#13,? super R#16>,RecordField<E#12,? super R#16>,RecordField<F#11,? super R#16>,RecordField<G#10,? super R#16>,RecordField<H#9,? super R#16>,RecordField<I#8,? super R#16>,RecordField<J#7,? super R#16>,RecordField<K#6,? super R#16>,RecordField<L#5,? super R#16>,RecordField<M#4,? super R#16>,RecordField<N#3,? super R#16>,RecordField<O#2,? super R#16>,RecordField<P#5,? super R#16>,Function16<A#16,B#15,C#14,D#13,E#12,F#11,G#10,H#9,I#8,J#7,K#6,L#5,M#4,N#3,O#2,P#5,R#16>)
    E#12 extends Object declared in method <A#16,B#15,C#14,D#13,E#12,F#11,G#10,H#9,I#8,J#7,K#6,L#5,M#4,N#3,O#2,P#5,R#16>create(RecordField<A#16,? super R#16>,RecordField<B#15,? super R#16>,RecordField<C#14,? super R#16>,RecordField<D#13,? super R#16>,RecordField<E#12,? super R#16>,RecordField<F#11,? super R#16>,RecordField<G#10,? super R#16>,RecordField<H#9,? super R#16>,RecordField<I#8,? super R#16>,RecordField<J#7,? super R#16>,RecordField<K#6,? super R#16>,RecordField<L#5,? super R#16>,RecordField<M#4,? super R#16>,RecordField<N#3,? super R#16>,RecordField<O#2,? super R#16>,RecordField<P#5,? super R#16>,Function16<A#16,B#15,C#14,D#13,E#12,F#11,G#10,H#9,I#8,J#7,K#6,L#5,M#4,N#3,O#2,P#5,R#16>)
    F#11 extends Object declared in method <A#16,B#15,C#14,D#13,E#12,F#11,G#10,H#9,I#8,J#7,K#6,L#5,M#4,N#3,O#2,P#5,R#16>create(RecordField<A#16,? super R#16>,RecordField<B#15,? super R#16>,RecordField<C#14,? super R#16>,RecordField<D#13,? super R#16>,RecordField<E#12,? super R#16>,RecordField<F#11,? super R#16>,RecordField<G#10,? super R#16>,RecordField<H#9,? super R#16>,RecordField<I#8,? super R#16>,RecordField<J#7,? super R#16>,RecordField<K#6,? super R#16>,RecordField<L#5,? super R#16>,RecordField<M#4,? super R#16>,RecordField<N#3,? super R#16>,RecordField<O#2,? super R#16>,RecordField<P#5,? super R#16>,Function16<A#16,B#15,C#14,D#13,E#12,F#11,G#10,H#9,I#8,J#7,K#6,L#5,M#4,N#3,O#2,P#5,R#16>)
    G#10 extends Object declared in method <A#16,B#15,C#14,D#13,E#12,F#11,G#10,H#9,I#8,J#7,K#6,L#5,M#4,N#3,O#2,P#5,R#16>create(RecordField<A#16,? super R#16>,RecordField<B#15,? super R#16>,RecordField<C#14,? super R#16>,RecordField<D#13,? super R#16>,RecordField<E#12,? super R#16>,RecordField<F#11,? super R#16>,RecordField<G#10,? super R#16>,RecordField<H#9,? super R#16>,RecordField<I#8,? super R#16>,RecordField<J#7,? super R#16>,RecordField<K#6,? super R#16>,RecordField<L#5,? super R#16>,RecordField<M#4,? super R#16>,RecordField<N#3,? super R#16>,RecordField<O#2,? super R#16>,RecordField<P#5,? super R#16>,Function16<A#16,B#15,C#14,D#13,E#12,F#11,G#10,H#9,I#8,J#7,K#6,L#5,M#4,N#3,O#2,P#5,R#16>)
    H#9 extends Object declared in method <A#16,B#15,C#14,D#13,E#12,F#11,G#10,H#9,I#8,J#7,K#6,L#5,M#4,N#3,O#2,P#5,R#16>create(RecordField<A#16,? super R#16>,RecordField<B#15,? super R#16>,RecordField<C#14,? super R#16>,RecordField<D#13,? super R#16>,RecordField<E#12,? super R#16>,RecordField<F#11,? super R#16>,RecordField<G#10,? super R#16>,RecordField<H#9,? super R#16>,RecordField<I#8,? super R#16>,RecordField<J#7,? super R#16>,RecordField<K#6,? super R#16>,RecordField<L#5,? super R#16>,RecordField<M#4,? super R#16>,RecordField<N#3,? super R#16>,RecordField<O#2,? super R#16>,RecordField<P#5,? super R#16>,Function16<A#16,B#15,C#14,D#13,E#12,F#11,G#10,H#9,I#8,J#7,K#6,L#5,M#4,N#3,O#2,P#5,R#16>)
    I#8 extends Object declared in method <A#16,B#15,C#14,D#13,E#12,F#11,G#10,H#9,I#8,J#7,K#6,L#5,M#4,N#3,O#2,P#5,R#16>create(RecordField<A#16,? super R#16>,RecordField<B#15,? super R#16>,RecordField<C#14,? super R#16>,RecordField<D#13,? super R#16>,RecordField<E#12,? super R#16>,RecordField<F#11,? super R#16>,RecordField<G#10,? super R#16>,RecordField<H#9,? super R#16>,RecordField<I#8,? super R#16>,RecordField<J#7,? super R#16>,RecordField<K#6,? super R#16>,RecordField<L#5,? super R#16>,RecordField<M#4,? super R#16>,RecordField<N#3,? super R#16>,RecordField<O#2,? super R#16>,RecordField<P#5,? super R#16>,Function16<A#16,B#15,C#14,D#13,E#12,F#11,G#10,H#9,I#8,J#7,K#6,L#5,M#4,N#3,O#2,P#5,R#16>)
    J#7 extends Object declared in method <A#16,B#15,C#14,D#13,E#12,F#11,G#10,H#9,I#8,J#7,K#6,L#5,M#4,N#3,O#2,P#5,R#16>create(RecordField<A#16,? super R#16>,RecordField<B#15,? super R#16>,RecordField<C#14,? super R#16>,RecordField<D#13,? super R#16>,RecordField<E#12,? super R#16>,RecordField<F#11,? super R#16>,RecordField<G#10,? super R#16>,RecordField<H#9,? super R#16>,RecordField<I#8,? super R#16>,RecordField<J#7,? super R#16>,RecordField<K#6,? super R#16>,RecordField<L#5,? super R#16>,RecordField<M#4,? super R#16>,RecordField<N#3,? super R#16>,RecordField<O#2,? super R#16>,RecordField<P#5,? super R#16>,Function16<A#16,B#15,C#14,D#13,E#12,F#11,G#10,H#9,I#8,J#7,K#6,L#5,M#4,N#3,O#2,P#5,R#16>)
    K#6 extends Object declared in method <A#16,B#15,C#14,D#13,E#12,F#11,G#10,H#9,I#8,J#7,K#6,L#5,M#4,N#3,O#2,P#5,R#16>create(RecordField<A#16,? super R#16>,RecordField<B#15,? super R#16>,RecordField<C#14,? super R#16>,RecordField<D#13,? super R#16>,RecordField<E#12,? super R#16>,RecordField<F#11,? super R#16>,RecordField<G#10,? super R#16>,RecordField<H#9,? super R#16>,RecordField<I#8,? super R#16>,RecordField<J#7,? super R#16>,RecordField<K#6,? super R#16>,RecordField<L#5,? super R#16>,RecordField<M#4,? super R#16>,RecordField<N#3,? super R#16>,RecordField<O#2,? super R#16>,RecordField<P#5,? super R#16>,Function16<A#16,B#15,C#14,D#13,E#12,F#11,G#10,H#9,I#8,J#7,K#6,L#5,M#4,N#3,O#2,P#5,R#16>)
    L#5 extends Object declared in method <A#16,B#15,C#14,D#13,E#12,F#11,G#10,H#9,I#8,J#7,K#6,L#5,M#4,N#3,O#2,P#5,R#16>create(RecordField<A#16,? super R#16>,RecordField<B#15,? super R#16>,RecordField<C#14,? super R#16>,RecordField<D#13,? super R#16>,RecordField<E#12,? super R#16>,RecordField<F#11,? super R#16>,RecordField<G#10,? super R#16>,RecordField<H#9,? super R#16>,RecordField<I#8,? super R#16>,RecordField<J#7,? super R#16>,RecordField<K#6,? super R#16>,RecordField<L#5,? super R#16>,RecordField<M#4,? super R#16>,RecordField<N#3,? super R#16>,RecordField<O#2,? super R#16>,RecordField<P#5,? super R#16>,Function16<A#16,B#15,C#14,D#13,E#12,F#11,G#10,H#9,I#8,J#7,K#6,L#5,M#4,N#3,O#2,P#5,R#16>)
    M#4 extends Object declared in method <A#16,B#15,C#14,D#13,E#12,F#11,G#10,H#9,I#8,J#7,K#6,L#5,M#4,N#3,O#2,P#5,R#16>create(RecordField<A#16,? super R#16>,RecordField<B#15,? super R#16>,RecordField<C#14,? super R#16>,RecordField<D#13,? super R#16>,RecordField<E#12,? super R#16>,RecordField<F#11,? super R#16>,RecordField<G#10,? super R#16>,RecordField<H#9,? super R#16>,RecordField<I#8,? super R#16>,RecordField<J#7,? super R#16>,RecordField<K#6,? super R#16>,RecordField<L#5,? super R#16>,RecordField<M#4,? super R#16>,RecordField<N#3,? super R#16>,RecordField<O#2,? super R#16>,RecordField<P#5,? super R#16>,Function16<A#16,B#15,C#14,D#13,E#12,F#11,G#10,H#9,I#8,J#7,K#6,L#5,M#4,N#3,O#2,P#5,R#16>)
    N#3 extends Object declared in method <A#16,B#15,C#14,D#13,E#12,F#11,G#10,H#9,I#8,J#7,K#6,L#5,M#4,N#3,O#2,P#5,R#16>create(RecordField<A#16,? super R#16>,RecordField<B#15,? super R#16>,RecordField<C#14,? super R#16>,RecordField<D#13,? super R#16>,RecordField<E#12,? super R#16>,RecordField<F#11,? super R#16>,RecordField<G#10,? super R#16>,RecordField<H#9,? super R#16>,RecordField<I#8,? super R#16>,RecordField<J#7,? super R#16>,RecordField<K#6,? super R#16>,RecordField<L#5,? super R#16>,RecordField<M#4,? super R#16>,RecordField<N#3,? super R#16>,RecordField<O#2,? super R#16>,RecordField<P#5,? super R#16>,Function16<A#16,B#15,C#14,D#13,E#12,F#11,G#10,H#9,I#8,J#7,K#6,L#5,M#4,N#3,O#2,P#5,R#16>)
    O#2 extends Object declared in method <A#16,B#15,C#14,D#13,E#12,F#11,G#10,H#9,I#8,J#7,K#6,L#5,M#4,N#3,O#2,P#5,R#16>create(RecordField<A#16,? super R#16>,RecordField<B#15,? super R#16>,RecordField<C#14,? super R#16>,RecordField<D#13,? super R#16>,RecordField<E#12,? super R#16>,RecordField<F#11,? super R#16>,RecordField<G#10,? super R#16>,RecordField<H#9,? super R#16>,RecordField<I#8,? super R#16>,RecordField<J#7,? super R#16>,RecordField<K#6,? super R#16>,RecordField<L#5,? super R#16>,RecordField<M#4,? super R#16>,RecordField<N#3,? super R#16>,RecordField<O#2,? super R#16>,RecordField<P#5,? super R#16>,Function16<A#16,B#15,C#14,D#13,E#12,F#11,G#10,H#9,I#8,J#7,K#6,L#5,M#4,N#3,O#2,P#5,R#16>)
    P#5 extends Object declared in method <A#16,B#15,C#14,D#13,E#12,F#11,G#10,H#9,I#8,J#7,K#6,L#5,M#4,N#3,O#2,P#5,R#16>create(RecordField<A#16,? super R#16>,RecordField<B#15,? super R#16>,RecordField<C#14,? super R#16>,RecordField<D#13,? super R#16>,RecordField<E#12,? super R#16>,RecordField<F#11,? super R#16>,RecordField<G#10,? super R#16>,RecordField<H#9,? super R#16>,RecordField<I#8,? super R#16>,RecordField<J#7,? super R#16>,RecordField<K#6,? super R#16>,RecordField<L#5,? super R#16>,RecordField<M#4,? super R#16>,RecordField<N#3,? super R#16>,RecordField<O#2,? super R#16>,RecordField<P#5,? super R#16>,Function16<A#16,B#15,C#14,D#13,E#12,F#11,G#10,H#9,I#8,J#7,K#6,L#5,M#4,N#3,O#2,P#5,R#16>)
    R#16 extends Object declared in method <A#16,B#15,C#14,D#13,E#12,F#11,G#10,H#9,I#8,J#7,K#6,L#5,M#4,N#3,O#2,P#5,R#16>create(RecordField<A#16,? super R#16>,RecordField<B#15,? super R#16>,RecordField<C#14,? super R#16>,RecordField<D#13,? super R#16>,RecordField<E#12,? super R#16>,RecordField<F#11,? super R#16>,RecordField<G#10,? super R#16>,RecordField<H#9,? super R#16>,RecordField<I#8,? super R#16>,RecordField<J#7,? super R#16>,RecordField<K#6,? super R#16>,RecordField<L#5,? super R#16>,RecordField<M#4,? super R#16>,RecordField<N#3,? super R#16>,RecordField<O#2,? super R#16>,RecordField<P#5,? super R#16>,Function16<A#16,B#15,C#14,D#13,E#12,F#11,G#10,H#9,I#8,J#7,K#6,L#5,M#4,N#3,O#2,P#5,R#16>)
C:\Users\olikr\TinkersConstruct-NeoForge\src\main\java\slimeknights\tconstruct\library\client\armor\texture\DyedArmorTextureSupplier.java:26: error: cannot find symbol
    Loadables.RESOURCE_LOCATION.requiredField("prefix", s -> s.prefix),
                                                              ^
  symbol:   variable prefix
  location: variable s of type Object
C:\Users\olikr\TinkersConstruct-NeoForge\src\main\java\slimeknights\tconstruct\library\client\armor\texture\DyedArmorTextureSupplier.java:27: error: cannot find symbol
    ModifierId.PARSER.defaultField("modifier", DEFAULT_DYED_MODIFIER, s -> s.modifier),
                                                                            ^
  symbol:   variable modifier
  location: variable s of type Object
C:\Users\olikr\TinkersConstruct-NeoForge\src\main\java\slimeknights\tconstruct\library\client\armor\texture\DyedArmorTextureSupplier.java:28: error: cannot find symbol
    StringLoadable.DEFAULT.defaultField("suffix", "", s -> s.suffix),
                                                            ^
  symbol:   variable suffix
  location: variable s of type Object
C:\Users\olikr\TinkersConstruct-NeoForge\src\main\java\slimeknights\tconstruct\library\client\armor\texture\DyedArmorTextureSupplier.java:29: error: cannot find symbol
  ModifierId.PARSER.defaultField("modifier", DEFAULT_DYED_MODIFIER, s -> s.modifier),
                                                                          ^
  symbol:   variable modifier
  location: variable s of type Object
C:\Users\olikr\TinkersConstruct-NeoForge\src\main\java\slimeknights\tconstruct\library\client\armor\texture\DyedArmorTextureSupplier.java:30: error: cannot find symbol
    ColorLoadable.NO_ALPHA.nullableField("default_color", s -> s.alwaysRender ? s.defaultColor : null),
                                                                ^
  symbol:   variable alwaysRender
  location: variable s of type Object
C:\Users\olikr\TinkersConstruct-NeoForge\src\main\java\slimeknights\tconstruct\library\client\armor\texture\DyedArmorTextureSupplier.java:30: error: cannot find symbol
    ColorLoadable.NO_ALPHA.nullableField("default_color", s -> s.alwaysRender ? s.defaultColor : null),
                                                                                 ^
  symbol:   variable defaultColor
  location: variable s of type Object
C:\Users\olikr\TinkersConstruct-NeoForge\src\main\java\slimeknights\tconstruct\library\client\armor\texture\DyedArmorTextureSupplier.java:31: error: cannot find symbol
    IntLoadable.range(0, 15).defaultField("luminosity", 0, false, s -> s.luminosity),
                                                                        ^
  symbol:   variable luminosity
  location: variable s of type Object
C:\Users\olikr\TinkersConstruct-NeoForge\src\main\java\slimeknights\tconstruct\library\client\armor\texture\MaterialHasFallbackTextureSupplier.java:62: error: cannot find symbol
    CompoundTag tag = stack.getTag();
                           ^
  symbol:   method getTag()
  location: variable stack of type ItemStack
C:\Users\olikr\TinkersConstruct-NeoForge\src\main\java\slimeknights\tconstruct\library\client\book\content\AbstractMaterialContent.java:336: warning: [removal] getDisplayName() in FluidStack has been deprecated and marked for removal
        Component.translatable(CAST_FROM, firstFluid.getDisplayName()).withStyle(ChatFormatting.GRAY)
                                                    ^
C:\Users\olikr\TinkersConstruct-NeoForge\src\main\java\slimeknights\tconstruct\library\client\book\content\AbstractMaterialContent.java:358: warning: [removal] getDisplayName() in FluidStack has been deprecated and marked for removal
            Component.translatable(COMPOSITE_FROM, firstFluid.getDisplayName(), MaterialTooltipCache.getDisplayName(inputId)).withStyle(ChatFormatting.GRAY)
                                                             ^
C:\Users\olikr\TinkersConstruct-NeoForge\src\main\java\slimeknights\tconstruct\library\client\item\ModifiableItemClientExtension.java:82: error: variable remainingTime is already defined in method applyForgeHandTransform(PoseStack,LocalPlayer,HumanoidArm,ItemStack,float,float,float)
          float remainingTime = (float) stack.getUseDuration(player) - ((float) player.getUseItemRemainingTicks() - partialTicks + 1);
                ^
C:\Users\olikr\TinkersConstruct-NeoForge\src\main\java\slimeknights\tconstruct\library\client\item\ModifiableCrossbowClientExtension.java:23: error: cannot find symbol
      CompoundTag tag = stack.getTag();
                             ^
  symbol:   method getTag()
  location: variable stack of type ItemStack
C:\Users\olikr\TinkersConstruct-NeoForge\src\main\java\slimeknights\tconstruct\library\client\model\tools\ToolModel.java:97: error: ToolModel is not abstract and does not override abstract method bake(IGeometryBakingContext,ModelBaker,Function<Material,TextureAtlasSprite>,ModelState,ItemOverrides) in IUnbakedGeometry
public class ToolModel implements IUnbakedGeometry<ToolModel> {
       ^
C:\Users\olikr\TinkersConstruct-NeoForge\src\main\java\slimeknights\tconstruct\library\client\model\tools\ToolModel.java:508: error: method does not override or implement a method from a supertype
  @Override
  ^
C:\Users\olikr\TinkersConstruct-NeoForge\src\main\java\slimeknights\tconstruct\library\client\modifiers\IUnbakedModifierModel.java:15: warning: [dep-ann] deprecated item is not annotated with @Deprecated
public interface IUnbakedModifierModel {
       ^
C:\Users\olikr\TinkersConstruct-NeoForge\src\main\java\slimeknights\tconstruct\library\client\modifiers\model\BannerModifierModel.java:49: error: SHIELD_MATERIALS has private access in Sheets
      for (ResourceKey<BannerPattern> key : Sheets.SHIELD_MATERIALS.keySet()) {
                                                  ^
C:\Users\olikr\TinkersConstruct-NeoForge\src\main\java\slimeknights\tconstruct\library\client\modifiers\model\BannerModifierModel.java:49: error: incompatible types: ResourceLocation cannot be converted to ResourceKey<BannerPattern>
      for (ResourceKey<BannerPattern> key : Sheets.SHIELD_MATERIALS.keySet()) {
                                                                          ^
C:\Users\olikr\TinkersConstruct-NeoForge\src\main\java\slimeknights\tconstruct\library\client\modifiers\model\BannerModifierModel.java:80: error: cannot find symbol
          Holder<BannerPattern> pattern = BannerPattern.byHash(tag.getString(BannerModule.KEY_PATTERN));
                                                       ^
  symbol:   method byHash(String)
  location: class BannerPattern
C:\Users\olikr\TinkersConstruct-NeoForge\src\main\java\slimeknights\tconstruct\library\client\modifiers\model\FluidModifierModel.java:62: error: cannot find symbol
      return new CacheKey(fluid.getFluid(), fluid.getTag());
                                                 ^
  symbol:   method getTag()
  location: variable fluid of type FluidStack
C:\Users\olikr\TinkersConstruct-NeoForge\src\main\java\slimeknights\tconstruct\library\client\modifiers\model\FluidModifierModel.java:93: error: incompatible types: SpriteContents cannot be converted to TextureAtlasSprite
    List<BlockElement> unbaked = UnbakedGeometryHelper.createUnbakedItemMaskElements(-1, spriteGetter.apply(template).contents()); // Use template as mask
                                                                                                                              ^
C:\Users\olikr\TinkersConstruct-NeoForge\src\main\java\slimeknights\tconstruct\library\client\modifiers\model\FluidModifierModel.java:95: error: incompatible types: List<BlockElement> cannot be converted to IModelBuilder<?>
    List<BakedQuad> fluidQuads = UnbakedGeometryHelper.bakeElements(unbaked, mat -> fluidSprite, new SimpleModelState(transforms.applyOrigin(ORIGIN).compose(FluidContainerModel.FLUID_TRANSFORM), false), BAKE_LOCATION); // Bake with fluid texture
                                                                    ^
C:\Users\olikr\TinkersConstruct-NeoForge\src\main\java\slimeknights\tconstruct\library\client\modifiers\model\TankModifierModel.java:69: error: cannot find symbol
      return new CacheKey(fluid.getFluid(), fluid.getTag(), fluid.getAmount() + tolerance < helper.getCapacity(tool));
                                                 ^
  symbol:   method getTag()
  location: variable fluid of type FluidStack
C:\Users\olikr\TinkersConstruct-NeoForge\src\main\java\slimeknights\tconstruct\library\client\modifiers\ModifierModelMapManager.java:58: error: cannot find symbol
      if (ModLoader.isLoadingStateValid()) {
                   ^
  symbol:   method isLoadingStateValid()
  location: class ModLoader
C:\Users\olikr\TinkersConstruct-NeoForge\src\main\java\slimeknights\tconstruct\library\client\modifiers\ModifierModelMapManager.java:131: error: constructor ResourceLocation in class ResourceLocation cannot be applied to given types;
        model = new NormalModifierModel(ModifierModel.blockAtlas(new ResourceLocation(value.getAsString())), null);
                                                                 ^
  required: String,String
  found:    String
  reason: actual and formal argument lists differ in length
C:\Users\olikr\TinkersConstruct-NeoForge\src\main\java\slimeknights\tconstruct\library\data\AbstractModifierModelMapProvider.java:65: error: ResourceLocation(String,String) has private access in ResourceLocation
    return ModifierModel.blockAtlas(new ResourceLocation(modId, texture));
                                    ^
C:\Users\olikr\TinkersConstruct-NeoForge\src\main\java\slimeknights\tconstruct\library\data\AbstractModifierModelMapProvider.java:100: error: ResourceLocation(String,String) has private access in ResourceLocation
    return tool(new ResourceLocation(modId, tool));
                ^
C:\Users\olikr\TinkersConstruct-NeoForge\src\main\java\slimeknights\tconstruct\library\data\AbstractModifierModelMapProvider.java:292: error: incompatible types: ResourceLocation cannot be converted to ModifierId
      return modifier(TinkerModifiers.trim.getId(), TrimModifierModel.Armor.values()[type.ordinal()]);
                                                ^
C:\Users\olikr\TinkersConstruct-NeoForge\src\main\java\slimeknights\tconstruct\library\data\AbstractModifierModelMapProvider.java:297: error: incompatible types: ResourceLocation cannot be converted to ModifierId
      return modifier(TinkerModifiers.trim.getId(), new TrimModifierModel.Custom(toolMaterial(folder + "/trim").texture(), largeTexture != null ? toolMaterial(folder + '/' + largeTexture).texture() : null));
                                                ^
C:\Users\olikr\TinkersConstruct-NeoForge\src\main\java\slimeknights\tconstruct\library\data\AbstractModifierModelMapProvider.java:307: error: incompatible types: ResourceLocation cannot be converted to ModifierId
      ModifierId embellishment = TinkerModifiers.embellishment.getId();
                                                                    ^
C:\Users\olikr\TinkersConstruct-NeoForge\src\main\java\slimeknights\tconstruct\library\data\AbstractModifierModelMapProvider.java:320: error: incompatible types: ResourceLocation cannot be converted to ModifierId
      return modifier(TinkerModifiers.banner.getId(), new BannerModifierModel(
                                                  ^
C:\Users\olikr\TinkersConstruct-NeoForge\src\main\java\slimeknights\tconstruct\library\tools\context\EquipmentContext.java:111: error: cannot find symbol
    return LogicHelper.orElseNull(getTinkerData());
                      ^
  symbol:   method orElseNull(Holder)
  location: class LogicHelper
C:\Users\olikr\TinkersConstruct-NeoForge\src\main\java\slimeknights\tconstruct\library\fluid\SimpleFluidTank.java:85: warning: [removal] isFluidEqual(FluidStack) in FluidStack has been deprecated and marked for removal
    if (!fluid.isFluidEqual(resource)) {
              ^
C:\Users\olikr\TinkersConstruct-NeoForge\src\main\java\slimeknights\tconstruct\library\fluid\SimpleFluidTank.java:122: warning: [removal] isFluidEqual(FluidStack) in FluidStack has been deprecated and marked for removal
    if (fluid.isEmpty() || !fluid.isFluidEqual(resource)) {
                                 ^
C:\Users\olikr\TinkersConstruct-NeoForge\src\main\java\slimeknights\tconstruct\library\modifiers\hook\armor\ProtectionModifierHook.java:42: warning: [removal] PROTECTION_CAP in TinkerDataKeys has been deprecated and marked for removal
    float extra = data != null ? data.get(TinkerDataKeys.PROTECTION_CAP, 0f) : 0f;
                                                        ^
C:\Users\olikr\TinkersConstruct-NeoForge\src\main\java\slimeknights\tconstruct\library\modifiers\hook\armor\ProtectionModifierHook.java:48: warning: [removal] PROTECTION_CAP in TinkerDataKeys has been deprecated and marked for removal
    float extra = data != null ? data.get(TinkerDataKeys.PROTECTION_CAP, 0f) : 0f;
                                                        ^
C:\Users\olikr\TinkersConstruct-NeoForge\src\main\java\slimeknights\tconstruct\library\modifiers\modules\build\EnchantmentModule.java:90: error: incompatible types: LevelingInt cannot be converted to int
      return level(LevelingInt.eachLevel(level));
                                        ^
C:\Users\olikr\TinkersConstruct-NeoForge\src\main\java\slimeknights\tconstruct\library\modifiers\modules\combat\MobEffectModule.java:237: error: cannot find symbol
          instance.setCurativeItems(curativeItems.stream().map(ItemStack::new).collect(Collectors.toList()));
                  ^
  symbol:   method setCurativeItems(List<ItemStack>)
  location: variable instance of type MobEffectInstance
C:\Users\olikr\TinkersConstruct-NeoForge\src\main\java\slimeknights\tconstruct\library\tools\capability\fluid\TankModule.java:71: warning: [removal] getDisplayName() in FluidStack has been deprecated and marked for removal
      return fluid.getDisplayName().copy()
                  ^
C:\Users\olikr\TinkersConstruct-NeoForge\src\main\java\slimeknights\tconstruct\library\tools\capability\fluid\TankModule.java:126: warning: [removal] isFluidEqual(FluidStack) in FluidStack has been deprecated and marked for removal
      if (current.getAmount() < capacity && current.isFluidEqual(resource)) {
                                                   ^
C:\Users\olikr\TinkersConstruct-NeoForge\src\main\java\slimeknights\tconstruct\library\tools\capability\fluid\TankModule.java:144: warning: [removal] isFluidEqual(FluidStack) in FluidStack has been deprecated and marked for removal
      if (!current.isEmpty() && current.isFluidEqual(resource)) {
                                       ^
C:\Users\olikr\TinkersConstruct-NeoForge\src\main\java\slimeknights\tconstruct\library\tools\capability\ToolCapabilityProvider.java:81: error: package ToolBlockItemProviderHook does not exist
        return new ToolBlockItemProviderHook.CapabilityImpl(tool);
                                            ^
C:\Users\olikr\TinkersConstruct-NeoForge\src\main\java\slimeknights\tconstruct\library\tools\item\ranged\ModifiableCrossbowItem.java:121: warning: [removal] initializeClient(Consumer<IClientItemExtensions>) in Item has been deprecated and marked for removal
  public void initializeClient(Consumer<IClientItemExtensions> consumer) {
              ^
C:\Users\olikr\TinkersConstruct-NeoForge\src\main\java\slimeknights\tconstruct\library\utils\Util.java:179: error: cannot find symbol
    float[] diffuse = color.getTextureDiffuseColors();
                           ^
  symbol:   method getTextureDiffuseColors()
  location: variable color of type DyeColor
C:\Users\olikr\TinkersConstruct-NeoForge\src\main\java\slimeknights\tconstruct\plugin\jei\AlloyRecipeCategory.java:62: warning: [removal] getBackground() in IRecipeCategory has been deprecated and marked for removal
  @Getter
  ^
C:\Users\olikr\TinkersConstruct-NeoForge\src\main\java\slimeknights\tconstruct\plugin\jei\AlloyRecipeCategory.java:112: warning: [removal] IRecipeSlotTooltipCallback in mezz.jei.api.gui.ingredient has been deprecated and marked for removal
  public static <T> int drawVariableFluids(IRecipeLayoutBuilder builder, RecipeIngredientRole role, int x, int y, int totalWidth, int height, List<T> fluids, int minAmount, Function<T,List<FluidStack>> mapper, Function<T,IRecipeSlotTooltipCallback> tooltip) {
                                                                                                                                                                                                                             ^
C:\Users\olikr\TinkersConstruct-NeoForge\src\main\java\slimeknights\tconstruct\plugin\jei\AlloyRecipeCategory.java:112: warning: [removal] IRecipeSlotTooltipCallback in mezz.jei.api.gui.ingredient has been deprecated and marked for removal
  public static <T> int drawVariableFluids(IRecipeLayoutBuilder builder, RecipeIngredientRole role, int x, int y, int totalWidth, int height, List<T> fluids, int minAmount, Function<T,List<FluidStack>> mapper, Function<T,IRecipeSlotTooltipCallback> tooltip) {
                                                                                                                                                                                                                             ^
C:\Users\olikr\TinkersConstruct-NeoForge\src\main\java\slimeknights\tconstruct\plugin\jei\AlloyRecipeCategory.java:112: warning: [removal] IRecipeSlotTooltipCallback in mezz.jei.api.gui.ingredient has been deprecated and marked for removal
  public static <T> int drawVariableFluids(IRecipeLayoutBuilder builder, RecipeIngredientRole role, int x, int y, int totalWidth, int height, List<T> fluids, int minAmount, Function<T,List<FluidStack>> mapper, Function<T,IRecipeSlotTooltipCallback> tooltip) {
                                                                                                                                                                                                                             ^
C:\Users\olikr\TinkersConstruct-NeoForge\src\main\java\slimeknights\tconstruct\plugin\jei\AlloyRecipeCategory.java:112: warning: [removal] IRecipeSlotTooltipCallback in mezz.jei.api.gui.ingredient has been deprecated and marked for removal
  public static <T> int drawVariableFluids(IRecipeLayoutBuilder builder, RecipeIngredientRole role, int x, int y, int totalWidth, int height, List<T> fluids, int minAmount, Function<T,List<FluidStack>> mapper, Function<T,IRecipeSlotTooltipCallback> tooltip) {
                                                                                                                                                                                                                             ^
C:\Users\olikr\TinkersConstruct-NeoForge\src\main\java\slimeknights\tconstruct\plugin\jei\AlloyRecipeCategory.java:112: warning: [removal] IRecipeSlotTooltipCallback in mezz.jei.api.gui.ingredient has been deprecated and marked for removal
  public static <T> int drawVariableFluids(IRecipeLayoutBuilder builder, RecipeIngredientRole role, int x, int y, int totalWidth, int height, List<T> fluids, int minAmount, Function<T,List<FluidStack>> mapper, Function<T,IRecipeSlotTooltipCallback> tooltip) {
                                                                                                                                                                                                                             ^
C:\Users\olikr\TinkersConstruct-NeoForge\src\main\java\slimeknights\tconstruct\plugin\jei\AlloyRecipeCategory.java:131: warning: [removal] addTooltipCallback(IRecipeSlotTooltipCallback) in IRecipeSlotBuilder has been deprecated and marked for removal
               .addTooltipCallback(tooltip.apply(ingredient))
               ^
C:\Users\olikr\TinkersConstruct-NeoForge\src\main\java\slimeknights\tconstruct\plugin\jei\AlloyRecipeCategory.java:139: warning: [removal] addTooltipCallback(IRecipeSlotTooltipCallback) in IRecipeSlotBuilder has been deprecated and marked for removal
             .addTooltipCallback(tooltip.apply(ingredient))
             ^
C:\Users\olikr\TinkersConstruct-NeoForge\src\main\java\slimeknights\tconstruct\plugin\jei\AlloyRecipeCategory.java:156: warning: [removal] addTooltipCallback(IRecipeSlotTooltipCallback) in IRecipeSlotBuilder has been deprecated and marked for removal
           .addTooltipCallback(FluidTooltipCallback.UNITS)
           ^
C:\Users\olikr\TinkersConstruct-NeoForge\src\main\java\slimeknights\tconstruct\plugin\jei\AlloyRecipeCategory.java:162: warning: [removal] addTooltipCallback(IRecipeSlotTooltipCallback) in IRecipeSlotBuilder has been deprecated and marked for removal
           .addTooltipCallback(FUEL_TOOLTIP)
           ^
C:\Users\olikr\TinkersConstruct-NeoForge\src\main\java\slimeknights\tconstruct\plugin\jei\util\FluidTooltipCallback.java:17: warning: [removal] IRecipeSlotTooltipCallback in mezz.jei.api.gui.ingredient has been deprecated and marked for removal
public interface FluidTooltipCallback extends IRecipeSlotTooltipCallback {
                                              ^
C:\Users\olikr\TinkersConstruct-NeoForge\src\main\java\slimeknights\tconstruct\plugin\jei\util\FluidTooltipCallback.java:17: warning: [removal] IRecipeSlotTooltipCallback in mezz.jei.api.gui.ingredient has been deprecated and marked for removal
public interface FluidTooltipCallback extends IRecipeSlotTooltipCallback {
                                              ^
C:\Users\olikr\TinkersConstruct-NeoForge\src\main\java\slimeknights\tconstruct\plugin\jei\util\FluidTooltipCallback.java:17: warning: [removal] IRecipeSlotTooltipCallback in mezz.jei.api.gui.ingredient has been deprecated and marked for removal
public interface FluidTooltipCallback extends IRecipeSlotTooltipCallback {
                                              ^
C:\Users\olikr\TinkersConstruct-NeoForge\src\main\java\slimeknights\tconstruct\plugin\jei\util\FluidTooltipCallback.java:17: warning: [removal] IRecipeSlotTooltipCallback in mezz.jei.api.gui.ingredient has been deprecated and marked for removal
public interface FluidTooltipCallback extends IRecipeSlotTooltipCallback {
                                              ^
C:\Users\olikr\TinkersConstruct-NeoForge\src\main\java\slimeknights\tconstruct\plugin\jei\util\FluidTooltipCallback.java:17: warning: [removal] IRecipeSlotTooltipCallback in mezz.jei.api.gui.ingredient has been deprecated and marked for removal
public interface FluidTooltipCallback extends IRecipeSlotTooltipCallback {
                                              ^
C:\Users\olikr\TinkersConstruct-NeoForge\src\main\java\slimeknights\tconstruct\plugin\jei\util\FluidTooltipCallback.java:27: warning: [removal] onTooltip(IRecipeSlotView,List<Component>) in IRecipeSlotTooltipCallback has been deprecated and marked for removal
  default void onTooltip(IRecipeSlotView recipeSlotView, List<Component> tooltip) {
               ^
C:\Users\olikr\TinkersConstruct-NeoForge\src\main\java\slimeknights\tconstruct\plugin\jei\casting\AbstractCastingCategory.java:86: warning: [removal] getTooltipStrings(T,IRecipeSlotsView,double,double) in IRecipeCategory has been deprecated and marked for removal
  public List<Component> getTooltipStrings(IDisplayableCastingRecipe recipe, IRecipeSlotsView recipeSlotsView, double mouseX, double mouseY) {
                         ^
  where T is a type-variable:
    T extends Object declared in interface IRecipeCategory
C:\Users\olikr\TinkersConstruct-NeoForge\src\main\java\slimeknights\tconstruct\plugin\jei\casting\AbstractCastingCategory.java:45: warning: [removal] getBackground() in IRecipeCategory has been deprecated and marked for removal
  @Getter
  ^
C:\Users\olikr\TinkersConstruct-NeoForge\src\main\java\slimeknights\tconstruct\plugin\jei\casting\AbstractCastingCategory.java:112: warning: [removal] addTooltipCallback(IRecipeSlotTooltipCallback) in IRecipeSlotBuilder has been deprecated and marked for removal
           .addTooltipCallback(FluidTooltipCallback.UNITS)
           ^
C:\Users\olikr\TinkersConstruct-NeoForge\src\main\java\slimeknights\tconstruct\plugin\jei\casting\AbstractCastingCategory.java:122: warning: [removal] addTooltipCallback(IRecipeSlotTooltipCallback) in IRecipeSlotBuilder has been deprecated and marked for removal
           .addTooltipCallback(FluidTooltipCallback.UNITS)
           ^
C:\Users\olikr\TinkersConstruct-NeoForge\src\main\java\slimeknights\tconstruct\plugin\jei\entity\EntityMeltingRecipeCategory.java:50: warning: [removal] getBackground() in IRecipeCategory has been deprecated and marked for removal
  @Getter
  ^
C:\Users\olikr\TinkersConstruct-NeoForge\src\main\java\slimeknights\tconstruct\plugin\jei\entity\EntityMeltingRecipeCategory.java:101: warning: [removal] addTooltipCallback(IRecipeSlotTooltipCallback) in IRecipeSlotBuilder has been deprecated and marked for removal
           .addTooltipCallback(new FluidTooltip(recipe.getDamage())) // object is cheap, no need to cache
           ^
C:\Users\olikr\TinkersConstruct-NeoForge\src\main\java\slimeknights\tconstruct\plugin\jei\entity\EntityMeltingRecipeCategory.java:108: warning: [removal] addTooltipCallback(IRecipeSlotTooltipCallback) in IRecipeSlotBuilder has been deprecated and marked for removal
           .addTooltipCallback(FluidTooltipCallback.NO_AMOUNT)
           ^
C:\Users\olikr\TinkersConstruct-NeoForge\src\main\java\slimeknights\tconstruct\plugin\jei\entity\SeveringCategory.java:31: warning: [removal] getBackground() in IRecipeCategory has been deprecated and marked for removal
  @Getter
  ^
C:\Users\olikr\TinkersConstruct-NeoForge\src\main\java\slimeknights\tconstruct\plugin\jei\JEIPlugin.java:185: warning: [removal] <V>register(IIngredientType<V>,Collection<V>,IIngredientHelper<V>,IIngredientRenderer<V>) in IModIngredientRegistration has been deprecated and marked for removal
    registration.register(TConstructJEIConstants.MODIFIER_TYPE, modifiers, new ModifierIngredientHelper(), ModifierBookmarkIngredientRenderer.INSTANCE);
                ^
  where V is a type-variable:
    V extends Object declared in method <V>register(IIngredientType<V>,Collection<V>,IIngredientHelper<V>,IIngredientRenderer<V>)
C:\Users\olikr\TinkersConstruct-NeoForge\src\main\java\slimeknights\tconstruct\plugin\jei\JEIPlugin.java:186: warning: [removal] <V>register(IIngredientType<V>,Collection<V>,IIngredientHelper<V>,IIngredientRenderer<V>) in IModIngredientRegistration has been deprecated and marked for removal
    registration.register(TConstructJEIConstants.PATTERN_TYPE, Collections.emptyList(), new PatternIngredientHelper(), PatternIngredientRenderer.INSTANCE);
                ^
  where V is a type-variable:
    V extends Object declared in method <V>register(IIngredientType<V>,Collection<V>,IIngredientHelper<V>,IIngredientRenderer<V>)
C:\Users\olikr\TinkersConstruct-NeoForge\src\main\java\slimeknights\tconstruct\plugin\jei\JEIPlugin.java:189: warning: [removal] <V>register(IIngredientType<V>,Collection<V>,IIngredientHelper<V>,IIngredientRenderer<V>) in IModIngredientRegistration has been deprecated and marked for removal
    registration.register(TConstructJEIConstants.SLOT_TYPE, slots, new SlotIngredientHelper(), SlotIngredientRenderer.INGREDIENT);
                ^
  where V is a type-variable:
    V extends Object declared in method <V>register(IIngredientType<V>,Collection<V>,IIngredientHelper<V>,IIngredientRenderer<V>)
C:\Users\olikr\TinkersConstruct-NeoForge\src\main\java\slimeknights\tconstruct\plugin\jei\JEIPlugin.java:529: warning: [removal] <B,I>registerSubtypeInterpreter(IIngredientTypeWithSubtypes<B,I>,B,IIngredientSubtypeInterpreter<I>) in ISubtypeRegistration has been deprecated and marked for removal
      registry.registerSubtypeInterpreter(VanillaTypes.ITEM_STACK, item.value(), ToolPartSubtypeInterpreter.INSTANCE);
              ^
  where B,I are type-variables:
    B extends Object declared in method <B,I>registerSubtypeInterpreter(IIngredientTypeWithSubtypes<B,I>,B,IIngredientSubtypeInterpreter<I>)
    I extends Object declared in method <B,I>registerSubtypeInterpreter(IIngredientTypeWithSubtypes<B,I>,B,IIngredientSubtypeInterpreter<I>)
C:\Users\olikr\TinkersConstruct-NeoForge\src\main\java\slimeknights\tconstruct\plugin\jei\JEIPlugin.java:535: warning: [removal] <B,I>registerSubtypeInterpreter(IIngredientTypeWithSubtypes<B,I>,B,IIngredientSubtypeInterpreter<I>) in ISubtypeRegistration has been deprecated and marked for removal
      registry.registerSubtypeInterpreter(VanillaTypes.ITEM_STACK, item, holder.is(TinkerTags.Items.SINGLEPART_TOOL) ? ToolSubtypeInterpreter.FIRST : ToolSubtypeInterpreter.INGREDIENT);
              ^
  where B,I are type-variables:
    B extends Object declared in method <B,I>registerSubtypeInterpreter(IIngredientTypeWithSubtypes<B,I>,B,IIngredientSubtypeInterpreter<I>)
    I extends Object declared in method <B,I>registerSubtypeInterpreter(IIngredientTypeWithSubtypes<B,I>,B,IIngredientSubtypeInterpreter<I>)
C:\Users\olikr\TinkersConstruct-NeoForge\src\main\java\slimeknights\tconstruct\plugin\jei\JEIPlugin.java:539: warning: [removal] apply(T,UidContext) in IIngredientSubtypeInterpreter has been deprecated and marked for removal
    registry.registerSubtypeInterpreter(VanillaTypes.ITEM_STACK, TinkerSmeltery.copperCan.get(), (stack, context) -> CopperCanItem.getSubtype(stack));
                                                                                                 ^
  where T is a type-variable:
    T extends Object declared in interface IIngredientSubtypeInterpreter
C:\Users\olikr\TinkersConstruct-NeoForge\src\main\java\slimeknights\tconstruct\plugin\jei\JEIPlugin.java:539: warning: [removal] <B,I>registerSubtypeInterpreter(IIngredientTypeWithSubtypes<B,I>,B,IIngredientSubtypeInterpreter<I>) in ISubtypeRegistration has been deprecated and marked for removal
    registry.registerSubtypeInterpreter(VanillaTypes.ITEM_STACK, TinkerSmeltery.copperCan.get(), (stack, context) -> CopperCanItem.getSubtype(stack));
            ^
  where B,I are type-variables:
    B extends Object declared in method <B,I>registerSubtypeInterpreter(IIngredientTypeWithSubtypes<B,I>,B,IIngredientSubtypeInterpreter<I>)
    I extends Object declared in method <B,I>registerSubtypeInterpreter(IIngredientTypeWithSubtypes<B,I>,B,IIngredientSubtypeInterpreter<I>)
C:\Users\olikr\TinkersConstruct-NeoForge\src\main\java\slimeknights\tconstruct\plugin\jei\JEIPlugin.java:540: warning: [removal] IIngredientSubtypeInterpreter in mezz.jei.api.ingredients.subtypes has been deprecated and marked for removal
    IIngredientSubtypeInterpreter<ItemStack> tankInterpreter = (stack, context) -> TankItem.getSubtype(stack);
    ^
C:\Users\olikr\TinkersConstruct-NeoForge\src\main\java\slimeknights\tconstruct\shared\TinkerEffects.java:63: error: cannot find symbol
  public static final DeferredHolder<MobEffect, TinkerEffect> pierce = MOB_EFFECTS.register("pierce", () -> new NoMilkEffect(MobEffectCategory.HARMFUL, 0xD1D37A, true).addAttributeModifier(Attributes.ARMOR, TConstruct.getResource("effect.pierce"), -1, Operation.ADD_VALUE));
                                                                                                                ^
  symbol:   class NoMilkEffect
  location: class TinkerEffects
C:\Users\olikr\TinkersConstruct-NeoForge\src\main\java\slimeknights\tconstruct\tools\client\ShieldBannerModifierSpriteSource.java:36: error: cannot find symbol
  public static final Codec<ShieldBannerModifierSpriteSource> CODEC = ExtraCodecs.validate(RecordCodecBuilder.<ShieldBannerModifierSpriteSource>create(inst -> inst.group(
                                                                                 ^
  symbol:   method validate(Codec<ShieldBannerModifierSpriteSource>,(source)->[...]e); })
  location: class ExtraCodecs
C:\Users\olikr\TinkersConstruct-NeoForge\src\main\java\slimeknights\tconstruct\tools\client\ShieldBannerModifierSpriteSource.java:60: error: incompatible types: Codec<ShieldBannerModifierSpriteSource> cannot be converted to MapCodec<? extends SpriteSource>
      TYPE = SpriteSources.register(TConstruct.getResource("shield_banner_to_modifier").toString(), CODEC);
                                                                                                    ^
C:\Users\olikr\TinkersConstruct-NeoForge\src\main\java\slimeknights\tconstruct\tools\client\ShieldBannerModifierSpriteSource.java:68: error: SHIELD_MATERIALS has private access in Sheets
    for (Entry<ResourceKey<BannerPattern>, Material> entry : Sheets.SHIELD_MATERIALS.entrySet()) {
                                                                   ^
C:\Users\olikr\TinkersConstruct-NeoForge\src\main\java\slimeknights\tconstruct\tools\client\ShieldBannerModifierSpriteSource.java:68: error: incompatible types: Entry<ResourceLocation,Material> cannot be converted to Entry<ResourceKey<BannerPattern>,Material>
    for (Entry<ResourceKey<BannerPattern>, Material> entry : Sheets.SHIELD_MATERIALS.entrySet()) {
                                                                                             ^
C:\Users\olikr\TinkersConstruct-NeoForge\src\main\java\slimeknights\tconstruct\tools\client\ShieldBannerModifierSpriteSource.java:88: error: ShieldBannerModifierSpriteSource.BannerModifierSpriteSupplier is not abstract and does not override abstract method apply(SpriteResourceLoader) in Function
  private class BannerModifierSpriteSupplier implements SpriteSupplier {
          ^
C:\Users\olikr\TinkersConstruct-NeoForge\src\main\java\slimeknights\tconstruct\tools\client\ShieldBannerModifierSpriteSource.java:93: error: method does not override or implement a method from a supertype
    @Override
    ^
C:\Users\olikr\TinkersConstruct-NeoForge\src\main\java\slimeknights\tconstruct\tools\client\ShieldBannerModifierSpriteSource.java:105: error: constructor SpriteContents in class SpriteContents cannot be applied to given types;
          return new SpriteContents(this.output, new FrameSize(generated.getWidth(), generated.getHeight()), generated, AnimationMetadataSection.EMPTY, null);
                 ^
  required: ResourceLocation,FrameSize,NativeImage,ResourceMetadata
  found:    ResourceLocation,FrameSize,NativeImage,AnimationMetadataSection,<null>
  reason: actual and formal argument lists differ in length
C:\Users\olikr\TinkersConstruct-NeoForge\src\main\java\slimeknights\tconstruct\tools\data\ArmorModelProvider.java:24: error: incompatible types: ResourceLocation cannot be converted to ModifierId
    ModifierId dyed = TinkerModifiers.dyed.getId();
                                                ^
C:\Users\olikr\TinkersConstruct-NeoForge\src\main\java\slimeknights\tconstruct\tools\data\client\ModifierModelMapProvider.java:27: error: no suitable method found for basic(char,ModifierId,ModifierId,ModifierId,ModifierId,ModifierId,ModifierId,ModifierId,ModifierId,ModifierId,ResourceLocation,ModifierId,ModifierId,ModifierId,ModifierId,ModifierId,ModifierId,ModifierId,ModifierId,ModifierId,ModifierId)
    tool(TinkerTools.pickaxe).basic(SMALL,
                             ^
    method AbstractModifierModelMapProvider.Builder.basic(String,String,ModifierId...) is not applicable
      (argument mismatch; char cannot be converted to String)
    method AbstractModifierModelMapProvider.Builder.basic(char,ModifierId...) is not applicable
      (varargs mismatch; ResourceLocation cannot be converted to ModifierId)
C:\Users\olikr\TinkersConstruct-NeoForge\src\main\java\slimeknights\tconstruct\tools\data\client\ModifierModelMapProvider.java:51: error: no suitable method found for basic(char,ModifierId,ModifierId,ModifierId,ModifierId,ModifierId,ModifierId,ModifierId,ModifierId,ModifierId,ResourceLocation,ModifierId,ModifierId,ModifierId,ModifierId,ModifierId,ModifierId,ModifierId,ModifierId,ModifierId,ModifierId)
    tool(TinkerTools.mattock).basic(SMALL,
                             ^
    method AbstractModifierModelMapProvider.Builder.basic(String,String,ModifierId...) is not applicable
      (argument mismatch; char cannot be converted to String)
    method AbstractModifierModelMapProvider.Builder.basic(char,ModifierId...) is not applicable
      (varargs mismatch; ResourceLocation cannot be converted to ModifierId)
C:\Users\olikr\TinkersConstruct-NeoForge\src\main\java\slimeknights\tconstruct\tools\data\client\ModifierModelMapProvider.java:63: error: no suitable method found for basic(char,ModifierId,ModifierId,ModifierId,ModifierId,ModifierId,ModifierId,ModifierId,ModifierId,ModifierId,ResourceLocation,ModifierId,ModifierId,ModifierId,ModifierId,ModifierId,ModifierId,ModifierId,ModifierId,ModifierId,ModifierId)
    tool(TinkerTools.handAxe).basic(SMALL,
                             ^
    method AbstractModifierModelMapProvider.Builder.basic(String,String,ModifierId...) is not applicable
      (argument mismatch; char cannot be converted to String)
    method AbstractModifierModelMapProvider.Builder.basic(char,ModifierId...) is not applicable
      (varargs mismatch; ResourceLocation cannot be converted to ModifierId)
C:\Users\olikr\TinkersConstruct-NeoForge\src\main\java\slimeknights\tconstruct\tools\data\client\ModifierModelMapProvider.java:75: error: no suitable method found for basic(char,ModifierId,ModifierId,ModifierId,ModifierId,ModifierId,ModifierId,ModifierId,ModifierId,ModifierId,ResourceLocation,ModifierId,ModifierId,ModifierId,ModifierId,ModifierId,ModifierId,ModifierId,ModifierId,ModifierId,ModifierId)
    tool(TinkerTools.kama).basic(SMALL,
                          ^
    method AbstractModifierModelMapProvider.Builder.basic(String,String,ModifierId...) is not applicable
      (argument mismatch; char cannot be converted to String)
    method AbstractModifierModelMapProvider.Builder.basic(char,ModifierId...) is not applicable
      (varargs mismatch; ResourceLocation cannot be converted to ModifierId)
C:\Users\olikr\TinkersConstruct-NeoForge\src\main\java\slimeknights\tconstruct\tools\data\client\ModifierModelMapProvider.java:100: error: no suitable method found for basic(char,ModifierId,ModifierId,ModifierId,ModifierId,ModifierId,ModifierId,ModifierId,ModifierId,ModifierId,ResourceLocation,ModifierId,ModifierId,ModifierId,ModifierId,ModifierId,ModifierId,ModifierId,ModifierId,ModifierId,ModifierId)
    tool(TinkerTools.sword).basic(SMALL,
                           ^
    method AbstractModifierModelMapProvider.Builder.basic(String,String,ModifierId...) is not applicable
      (argument mismatch; char cannot be converted to String)
    method AbstractModifierModelMapProvider.Builder.basic(char,ModifierId...) is not applicable
      (varargs mismatch; ResourceLocation cannot be converted to ModifierId)
C:\Users\olikr\TinkersConstruct-NeoForge\src\main\java\slimeknights\tconstruct\tools\data\client\ModifierModelMapProvider.java:121: error: no suitable method found for basic(char,ModifierId,ResourceLocation,ModifierId)
      ).basic(SMALL, ModifierIds.soulbound, TinkerModifiers.severing.getId(), ModifierIds.necrotic)
       ^
    method AbstractModifierModelMapProvider.Builder.basic(String,String,ModifierId...) is not applicable
      (argument mismatch; char cannot be converted to String)
    method AbstractModifierModelMapProvider.Builder.basic(char,ModifierId...) is not applicable
      (varargs mismatch; ResourceLocation cannot be converted to ModifierId)
C:\Users\olikr\TinkersConstruct-NeoForge\src\main\java\slimeknights\tconstruct\tools\data\client\ModifierModelMapProvider.java:147: error: no suitable method found for basic(char,ModifierId,ResourceLocation,ModifierId)
      ).basic(SMALL, ModifierIds.soulbound, TinkerModifiers.severing.getId(), ModifierIds.necrotic)
       ^
    method AbstractModifierModelMapProvider.Builder.basic(String,String,ModifierId...) is not applicable
      (argument mismatch; char cannot be converted to String)
    method AbstractModifierModelMapProvider.Builder.basic(char,ModifierId...) is not applicable
      (varargs mismatch; ResourceLocation cannot be converted to ModifierId)
C:\Users\olikr\TinkersConstruct-NeoForge\src\main\java\slimeknights\tconstruct\tools\data\client\ModifierModelMapProvider.java:161: error: no suitable method found for basic(char,ModifierId,ResourceLocation,ModifierId)
      ).basic(SMALL, ModifierIds.soulbound, TinkerModifiers.severing.getId(), ModifierIds.necrotic)
       ^
    method AbstractModifierModelMapProvider.Builder.basic(String,String,ModifierId...) is not applicable
      (argument mismatch; char cannot be converted to String)
    method AbstractModifierModelMapProvider.Builder.basic(char,ModifierId...) is not applicable
      (varargs mismatch; ResourceLocation cannot be converted to ModifierId)
C:\Users\olikr\TinkersConstruct-NeoForge\src\main\java\slimeknights\tconstruct\tools\data\client\ModifierModelMapProvider.java:175: error: no suitable method found for basic(char,ModifierId,ResourceLocation,ModifierId)
      ).basic(SMALL, ModifierIds.soulbound, TinkerModifiers.severing.getId(), ModifierIds.necrotic)
       ^
    method AbstractModifierModelMapProvider.Builder.basic(String,String,ModifierId...) is not applicable
      (argument mismatch; char cannot be converted to String)
    method AbstractModifierModelMapProvider.Builder.basic(char,ModifierId...) is not applicable
      (varargs mismatch; ResourceLocation cannot be converted to ModifierId)
C:\Users\olikr\TinkersConstruct-NeoForge\src\main\java\slimeknights\tconstruct\tools\data\client\ModifierModelMapProvider.java:190: error: no suitable method found for basic(char,ModifierId,ResourceLocation,ModifierId)
      ).basic(SMALL, ModifierIds.soulbound, TinkerModifiers.severing.getId(), ModifierIds.necrotic)
       ^
    method AbstractModifierModelMapProvider.Builder.basic(String,String,ModifierId...) is not applicable
      (argument mismatch; char cannot be converted to String)
    method AbstractModifierModelMapProvider.Builder.basic(char,ModifierId...) is not applicable
      (varargs mismatch; ResourceLocation cannot be converted to ModifierId)
C:\Users\olikr\TinkersConstruct-NeoForge\src\main\java\slimeknights\tconstruct\tools\data\client\ModifierModelMapProvider.java:211: error: no suitable method found for basic(char,ModifierId,ModifierId,ModifierId,ModifierId,ModifierId,ModifierId,ModifierId,ModifierId,ModifierId,ResourceLocation,ModifierId,ModifierId,ModifierId,ModifierId,ModifierId,ModifierId,ModifierId,ModifierId,ModifierId,ModifierId)
    tool(TinkerTools.battlesign).basic(SMALL,
                                ^
    method AbstractModifierModelMapProvider.Builder.basic(String,String,ModifierId...) is not applicable
      (argument mismatch; char cannot be converted to String)
    method AbstractModifierModelMapProvider.Builder.basic(char,ModifierId...) is not applicable
      (varargs mismatch; ResourceLocation cannot be converted to ModifierId)
C:\Users\olikr\TinkersConstruct-NeoForge\src\main\java\slimeknights\tconstruct\tools\data\client\ModifierModelMapProvider.java:232: error: incompatible types: ResourceLocation cannot be converted to ModifierId
    ModifierId dyed = TinkerModifiers.dyed.getId();
                                                ^
C:\Users\olikr\TinkersConstruct-NeoForge\src\main\java\slimeknights\tconstruct\tools\data\client\ModifierModelMapProvider.java:264: error: incompatible types: ResourceLocation cannot be converted to ModifierId
    tool("slime/wings").modifier(TinkerModifiers.trim.getId(), new TrimModifierModel.Custom(toolMaterial("armor/slime/wings/trim").texture(), null));
                                                           ^
C:\Users\olikr\TinkersConstruct-NeoForge\src\main\java\slimeknights\tconstruct\tools\data\client\ModifierModelMapProvider.java:301: error: incompatible types: ResourceLocation cannot be converted to ModifierId
    ModifierId dyed = TinkerModifiers.dyed.getId();
                                                ^
C:\Users\olikr\TinkersConstruct-NeoForge\src\main\java\slimeknights\tconstruct\tools\data\client\ModifierModelMapProvider.java:315: error: incompatible types: ResourceLocation cannot be converted to ModifierId
    ModifierId dyed = TinkerModifiers.dyed.getId();
                                                ^
C:\Users\olikr\TinkersConstruct-NeoForge\src\main\java\slimeknights\tconstruct\tools\data\material\MaterialRecipeProvider.java:140: error: cannot find symbol
    materialRecipe(consumer, MaterialIds.turtle,     Ingredient.of(Items.SCUTE),                 1, 1, folder + "turtle_scute");
                                                                        ^
  symbol:   variable SCUTE
  location: class Items
C:\Users\olikr\TinkersConstruct-NeoForge\src\main\java\slimeknights\tconstruct\tools\data\material\MaterialTraitsDataProvider.java:150: error: no suitable method found for addDefaultTraits(MaterialId,ModifierId,ResourceLocation)
    addDefaultTraits(MaterialIds.knightslime, ModifierIds.overwield, TinkerModifiers.overslime.getId());
    ^
    method AbstractMaterialTraitDataProvider.addDefaultTraits(MaterialId,ModifierEntry...) is not applicable
      (varargs mismatch; ModifierId cannot be converted to ModifierEntry)
    method AbstractMaterialTraitDataProvider.addDefaultTraits(MaterialId,ModifierId...) is not applicable
      (varargs mismatch; ResourceLocation cannot be converted to ModifierId)
    method AbstractMaterialTraitDataProvider.addDefaultTraits(MaterialId,LazyModifier...) is not applicable
      (varargs mismatch; ModifierId cannot be converted to LazyModifier)
C:\Users\olikr\TinkersConstruct-NeoForge\src\main\java\slimeknights\tconstruct\tools\data\material\MaterialTraitsDataProvider.java:151: error: no suitable method found for addTraits(MaterialId,MaterialStatsId,ModifierId,ResourceLocation)
    addTraits(MaterialIds.knightslime, ARMOR, ModifierIds.overshield, TinkerModifiers.overslime.getId());
    ^
    method AbstractMaterialTraitDataProvider.addTraits(MaterialId,MaterialStatsId,ModifierEntry...) is not applicable
      (varargs mismatch; ModifierId cannot be converted to ModifierEntry)
    method AbstractMaterialTraitDataProvider.addTraits(MaterialId,MaterialStatsId,ModifierId...) is not applicable
      (varargs mismatch; ResourceLocation cannot be converted to ModifierId)
    method AbstractMaterialTraitDataProvider.addTraits(MaterialId,MaterialStatsId,LazyModifier...) is not applicable
      (varargs mismatch; ModifierId cannot be converted to LazyModifier)
C:\Users\olikr\TinkersConstruct-NeoForge\src\main\java\slimeknights\tconstruct\tools\data\material\MaterialTraitsDataProvider.java:153: error: no suitable method found for addDefaultTraits(MaterialId,ResourceLocation,ModifierId)
    addDefaultTraits(MaterialIds.enderslimeVine, TinkerModifiers.enderporting.getId(), ModifierIds.overslimeFriend);
    ^
    method AbstractMaterialTraitDataProvider.addDefaultTraits(MaterialId,ModifierEntry...) is not applicable
      (varargs mismatch; ResourceLocation cannot be converted to ModifierEntry)
    method AbstractMaterialTraitDataProvider.addDefaultTraits(MaterialId,ModifierId...) is not applicable
      (varargs mismatch; ResourceLocation cannot be converted to ModifierId)
    method AbstractMaterialTraitDataProvider.addDefaultTraits(MaterialId,LazyModifier...) is not applicable
      (varargs mismatch; ResourceLocation cannot be converted to LazyModifier)
C:\Users\olikr\TinkersConstruct-NeoForge\src\main\java\slimeknights\tconstruct\tools\data\material\MaterialTraitsDataProvider.java:184: error: no suitable method found for addTraits(MaterialId,MaterialStatsId,ModifierId,ResourceLocation)
    addTraits(MaterialIds.earthslime, SlimeStats.ID, ModifierIds.overgrowth, TinkerModifiers.overslime.getId());
    ^
    method AbstractMaterialTraitDataProvider.addTraits(MaterialId,MaterialStatsId,ModifierEntry...) is not applicable
      (varargs mismatch; ModifierId cannot be converted to ModifierEntry)
    method AbstractMaterialTraitDataProvider.addTraits(MaterialId,MaterialStatsId,ModifierId...) is not applicable
      (varargs mismatch; ResourceLocation cannot be converted to ModifierId)
    method AbstractMaterialTraitDataProvider.addTraits(MaterialId,MaterialStatsId,LazyModifier...) is not applicable
      (varargs mismatch; ModifierId cannot be converted to LazyModifier)
C:\Users\olikr\TinkersConstruct-NeoForge\src\main\java\slimeknights\tconstruct\tools\data\material\MaterialTraitsDataProvider.java:185: error: no suitable method found for addTraits(MaterialId,MaterialStatsId,ModifierId,ResourceLocation,ModifierId)
    addTraits(MaterialIds.skyslime, SlimeStats.ID, ModifierIds.skyfall, TinkerModifiers.overslime.getId(), ModifierIds.overslimeFriend);
    ^
    method AbstractMaterialTraitDataProvider.addTraits(MaterialId,MaterialStatsId,ModifierEntry...) is not applicable
      (varargs mismatch; ModifierId cannot be converted to ModifierEntry)
    method AbstractMaterialTraitDataProvider.addTraits(MaterialId,MaterialStatsId,ModifierId...) is not applicable
      (varargs mismatch; ResourceLocation cannot be converted to ModifierId)
    method AbstractMaterialTraitDataProvider.addTraits(MaterialId,MaterialStatsId,LazyModifier...) is not applicable
      (varargs mismatch; ModifierId cannot be converted to LazyModifier)
C:\Users\olikr\TinkersConstruct-NeoForge\src\main\java\slimeknights\tconstruct\tools\data\material\MaterialTraitsDataProvider.java:186: error: no suitable method found for addTraits(MaterialId,MaterialStatsId,ModifierId,ResourceLocation,ModifierId)
    addTraits(MaterialIds.ichor, SlimeStats.ID, ModifierIds.godspeed, TinkerModifiers.overslime.getId(), ModifierIds.overslimeFriend);
    ^
    method AbstractMaterialTraitDataProvider.addTraits(MaterialId,MaterialStatsId,ModifierEntry...) is not applicable
      (varargs mismatch; ModifierId cannot be converted to ModifierEntry)
    method AbstractMaterialTraitDataProvider.addTraits(MaterialId,MaterialStatsId,ModifierId...) is not applicable
      (varargs mismatch; ResourceLocation cannot be converted to ModifierId)
    method AbstractMaterialTraitDataProvider.addTraits(MaterialId,MaterialStatsId,LazyModifier...) is not applicable
      (varargs mismatch; ModifierId cannot be converted to LazyModifier)
C:\Users\olikr\TinkersConstruct-NeoForge\src\main\java\slimeknights\tconstruct\tools\data\material\MaterialTraitsDataProvider.java:187: error: no suitable method found for addTraits(MaterialId,MaterialStatsId,ModifierId,ResourceLocation)
    addTraits(MaterialIds.enderslime, SlimeStats.ID, ModifierIds.enderdodging, TinkerModifiers.overslime.getId());
    ^
    method AbstractMaterialTraitDataProvider.addTraits(MaterialId,MaterialStatsId,ModifierEntry...) is not applicable
      (varargs mismatch; ModifierId cannot be converted to ModifierEntry)
    method AbstractMaterialTraitDataProvider.addTraits(MaterialId,MaterialStatsId,ModifierId...) is not applicable
      (varargs mismatch; ResourceLocation cannot be converted to ModifierId)
    method AbstractMaterialTraitDataProvider.addTraits(MaterialId,MaterialStatsId,LazyModifier...) is not applicable
      (varargs mismatch; ModifierId cannot be converted to LazyModifier)
C:\Users\olikr\TinkersConstruct-NeoForge\src\main\java\slimeknights\tconstruct\tools\data\material\MaterialTraitsDataProvider.java:188: error: no suitable method found for addTraits(MaterialId,MaterialStatsId,ModifierId,ResourceLocation,ModifierId)
    addTraits(MaterialIds.magma, SlimeStats.ID, ModifierIds.fireProtection, TinkerModifiers.overslime.getId(), ModifierIds.overslimeFriend);
    ^
    method AbstractMaterialTraitDataProvider.addTraits(MaterialId,MaterialStatsId,ModifierEntry...) is not applicable
      (varargs mismatch; ModifierId cannot be converted to ModifierEntry)
    method AbstractMaterialTraitDataProvider.addTraits(MaterialId,MaterialStatsId,ModifierId...) is not applicable
      (varargs mismatch; ResourceLocation cannot be converted to ModifierId)
    method AbstractMaterialTraitDataProvider.addTraits(MaterialId,MaterialStatsId,LazyModifier...) is not applicable
      (varargs mismatch; ModifierId cannot be converted to LazyModifier)
C:\Users\olikr\TinkersConstruct-NeoForge\src\main\java\slimeknights\tconstruct\tools\data\material\MaterialTraitsDataProvider.java:189: error: no suitable method found for addTraits(MaterialId,MaterialStatsId,ModifierId,ResourceLocation,ModifierId)
    addTraits(MaterialIds.blood, SlimeStats.ID, ModifierIds.reverted, TinkerModifiers.overslime.getId(), ModifierIds.overslimeFriend);
    ^
    method AbstractMaterialTraitDataProvider.addTraits(MaterialId,MaterialStatsId,ModifierEntry...) is not applicable
      (varargs mismatch; ModifierId cannot be converted to ModifierEntry)
    method AbstractMaterialTraitDataProvider.addTraits(MaterialId,MaterialStatsId,ModifierId...) is not applicable
      (varargs mismatch; ResourceLocation cannot be converted to ModifierId)
    method AbstractMaterialTraitDataProvider.addTraits(MaterialId,MaterialStatsId,LazyModifier...) is not applicable
      (varargs mismatch; ModifierId cannot be converted to LazyModifier)
C:\Users\olikr\TinkersConstruct-NeoForge\src\main\java\slimeknights\tconstruct\tools\data\material\MaterialTraitsDataProvider.java:212: error: no suitable method found for addTraits(MaterialStatsId,ResourceLocation,ModifierId,ResourceLocation)
    material(MaterialIds.gold).addTraits(SkullStats.ID, TinkerModifiers.chrysophilite.getId(), ModifierIds.piglinDisguise, TinkerModifiers.golden.getId());
                              ^
    method MaterialTraitsBuilder.addTraits(MaterialStatsId,ModifierEntry...) is not applicable
      (varargs mismatch; ResourceLocation cannot be converted to ModifierEntry)
    method MaterialTraitsBuilder.addTraits(MaterialStatsId,LazyModifier...) is not applicable
      (varargs mismatch; ResourceLocation cannot be converted to LazyModifier)
    method MaterialTraitsBuilder.addTraits(MaterialStatsId,ModifierId...) is not applicable
      (varargs mismatch; ResourceLocation cannot be converted to ModifierId)
C:\Users\olikr\TinkersConstruct-NeoForge\src\main\java\slimeknights\tconstruct\tools\data\material\MaterialTraitsDataProvider.java:213: error: no suitable method found for addTraits(MaterialStatsId,ResourceLocation,ModifierId,ResourceLocation)
    material(MaterialIds.roseGold).addTraits(SkullStats.ID, TinkerModifiers.goldGuard.getId(), ModifierIds.piglinBruteDisguise, TinkerModifiers.golden.getId());
                                  ^
    method MaterialTraitsBuilder.addTraits(MaterialStatsId,ModifierEntry...) is not applicable
      (varargs mismatch; ResourceLocation cannot be converted to ModifierEntry)
    method MaterialTraitsBuilder.addTraits(MaterialStatsId,LazyModifier...) is not applicable
      (varargs mismatch; ResourceLocation cannot be converted to LazyModifier)
    method MaterialTraitsBuilder.addTraits(MaterialStatsId,ModifierId...) is not applicable
      (varargs mismatch; ResourceLocation cannot be converted to ModifierId)
C:\Users\olikr\TinkersConstruct-NeoForge\src\main\java\slimeknights\tconstruct\tools\data\material\MaterialTraitsDataProvider.java:222: error: incompatible types: ResourceLocation cannot be converted to MaterialStatsId
    MaterialStatsId shell = RepairStats.SHELL.getId();
                                                   ^
C:\Users\olikr\TinkersConstruct-NeoForge\src\main\java\slimeknights\tconstruct\tools\data\material\MaterialTraitsDataProvider.java:233: error: incompatible types: ResourceLocation cannot be converted to MaterialStatsId
    MaterialStatsId laces = RepairStats.LACES.getId();
                                                   ^
C:\Users\olikr\TinkersConstruct-NeoForge\src\main\java\slimeknights\tconstruct\tools\data\ModifierProvider.java:497: error: no suitable method found for buildModifier(ResourceLocation)
    buildModifier(TinkerModifiers.severing.getId()).addModule(SeveringModule.INSTANCE);
    ^
    method AbstractModifierProvider.buildModifier(ModifierId,ICondition,JsonRedirect...) is not applicable
      (argument mismatch; ResourceLocation cannot be converted to ModifierId)
    method AbstractModifierProvider.buildModifier(ModifierId,JsonRedirect...) is not applicable
      (argument mismatch; ResourceLocation cannot be converted to ModifierId)
    method AbstractModifierProvider.buildModifier(DynamicModifier,ICondition,JsonRedirect...) is not applicable
      (argument mismatch; ResourceLocation cannot be converted to DynamicModifier)
    method AbstractModifierProvider.buildModifier(DynamicModifier,JsonRedirect...) is not applicable
      (argument mismatch; ResourceLocation cannot be converted to DynamicModifier)
C:\Users\olikr\TinkersConstruct-NeoForge\src\main\java\slimeknights\tconstruct\tools\data\ModifierProvider.java:501: error: cannot find symbol
    EnchantmentModule CONSTANT_FORTUNE = EnchantmentModule.builder(Enchantments.BLOCK_FORTUNE).toolItem(harvest).constant();
                                                                               ^
  symbol:   variable BLOCK_FORTUNE
  location: class Enchantments
C:\Users\olikr\TinkersConstruct-NeoForge\src\main\java\slimeknights\tconstruct\tools\data\ModifierProvider.java:504: error: cannot find symbol
    EnchantmentModule ARMOR_FORTUNE = EnchantmentModule.builder(Enchantments.BLOCK_FORTUNE).toolItem(armor).armorHarvest(ARMOR_SLOTS);
                                                                            ^
  symbol:   variable BLOCK_FORTUNE
  location: class Enchantments
C:\Users\olikr\TinkersConstruct-NeoForge\src\main\java\slimeknights\tconstruct\tools\data\ModifierProvider.java:515: error: incompatible types: LevelingInt cannot be converted to int
      .addModule(LootingModule.builder().level(LevelingInt.ONE).armor(ARMOR_SLOTS))
                                                          ^
C:\Users\olikr\TinkersConstruct-NeoForge\src\main\java\slimeknights\tconstruct\tools\data\ModifierProvider.java:518: error: cannot find symbol
      .addModule(EnchantmentModule.builder(Enchantments.BLOCK_FORTUNE).level(LevelingInt.ONE).toolItem(harvest).constant())
                                                       ^
  symbol:   variable BLOCK_FORTUNE
  location: class Enchantments
C:\Users\olikr\TinkersConstruct-NeoForge\src\main\java\slimeknights\tconstruct\tools\data\ModifierProvider.java:520: error: incompatible types: LevelingInt cannot be converted to int
      .addModule(LootingModule.builder().minLevel(2).level(LevelingInt.ONE).armor(ARMOR_SLOTS));
                                                                      ^
C:\Users\olikr\TinkersConstruct-NeoForge\src\main\java\slimeknights\tconstruct\tools\data\ModifierProvider.java:741: error: cannot find symbol
      .addModule(AttributeModule.builder(ForgeMod.SWIM_SPEED.get(), Operation.MULTIPLY_TOTAL).eachLevel(0.1f))
                                                                             ^
  symbol:   variable MULTIPLY_TOTAL
  location: class Operation
C:\Users\olikr\TinkersConstruct-NeoForge\src\main\java\slimeknights\tconstruct\tools\data\ModifierProvider.java:741: error: package ForgeMod does not exist
      .addModule(AttributeModule.builder(ForgeMod.SWIM_SPEED.get(), Operation.MULTIPLY_TOTAL).eachLevel(0.1f))
                                                 ^
C:\Users\olikr\TinkersConstruct-NeoForge\src\main\java\slimeknights\tconstruct\tools\data\ModifierProvider.java:750: error: cannot find symbol
      .addModule(AttributeModule.builder(TinkerAttributes.CRITICAL_DAMAGE, Operation.ADDITION).tooltipStyle(TooltipStyle.PERCENT).eachLevel(0.1f))
                                                                                    ^
  symbol:   variable ADDITION
  location: class Operation
C:\Users\olikr\TinkersConstruct-NeoForge\src\main\java\slimeknights\tconstruct\tools\data\ModifierProvider.java:751: error: cannot find symbol
      .addModule(AttributeModule.builder(TinkerAttributes.SAFE_FALL_DISTANCE, Operation.ADDITION).eachLevel(2));
                                                                                       ^
  symbol:   variable ADDITION
  location: class Operation
C:\Users\olikr\TinkersConstruct-NeoForge\src\main\java\slimeknights\tconstruct\tools\data\ModifierProvider.java:765: error: incompatible types: ModifierId cannot be converted to ResourceLocation
      .addModule(InventoryModule.builder().key(ModifierIds.pockets).slotsPerLevel(3))
                                                          ^
C:\Users\olikr\TinkersConstruct-NeoForge\src\main\java\slimeknights\tconstruct\tools\data\ModifierProvider.java:1116: error: cannot find symbol
      .addModule(AttributeModule.builder(Attributes.MOVEMENT_SPEED, Operation.MULTIPLY_TOTAL).slots(armorMainHand).eachLevel(0.15f))
                                                                             ^
  symbol:   variable MULTIPLY_TOTAL
  location: class Operation
C:\Users\olikr\TinkersConstruct-NeoForge\src\main\java\slimeknights\tconstruct\tools\data\ModifierProvider.java:1257: error: cannot find symbol
      .addModule(AttributeModule.builder(Attributes.ATTACK_SPEED, Operation.MULTIPLY_TOTAL).tooltipStyle(TooltipStyle.PERCENT).eachLevel(0.05f))
                                                                           ^
  symbol:   variable MULTIPLY_TOTAL
  location: class Operation
C:\Users\olikr\TinkersConstruct-NeoForge\src\main\java\slimeknights\tconstruct\tools\data\ModifierProvider.java:1258: error: cannot find symbol
      .addModule(AttributeModule.builder(TinkerAttributes.MINING_SPEED_MULTIPLIER, Operation.MULTIPLY_TOTAL).tooltipStyle(TooltipStyle.PERCENT).eachLevel(0.15f));
                                                                                            ^
  symbol:   variable MULTIPLY_TOTAL
  location: class Operation
C:\Users\olikr\TinkersConstruct-NeoForge\src\main\java\slimeknights\tconstruct\tools\data\ModifierProvider.java:1587: error: no suitable constructor found for EffectImmunityModule(Holder<MobEffect>,LevelingInt)
      .addModule(new EffectImmunityModule(MobEffects.MOVEMENT_SLOWDOWN, LevelingInt.LEVEL))
                 ^
    constructor EffectImmunityModule.EffectImmunityModule(MobEffect,ModifierCondition<IToolStackView>) is not applicable
      (argument mismatch; Holder<MobEffect> cannot be converted to MobEffect)
    constructor EffectImmunityModule.EffectImmunityModule(MobEffect,LevelingInt) is not applicable
      (argument mismatch; Holder<MobEffect> cannot be converted to MobEffect)
    constructor EffectImmunityModule.EffectImmunityModule(Supplier<? extends MobEffect>,LevelingInt) is not applicable
      (argument mismatch; Holder<MobEffect> cannot be converted to Supplier<? extends MobEffect>)
C:\Users\olikr\TinkersConstruct-NeoForge\src\main\java\slimeknights\tconstruct\tools\data\ModifierProvider.java:1588: error: no suitable method found for builder(Holder<MobEffect>)
      .addModule(MobEffectModule.builder(MobEffects.MOVEMENT_SLOWDOWN).damageSource(DamageSourcePredicate.tag(DamageTypeTags.IS_PROJECTILE)).time(RandomLevelingValue.flat(300)).level(RandomLevelingValue.perLevel(0, 2)).buildArmorAttack());
                                ^
    method MobEffectModule.builder(MobEffect) is not applicable
      (argument mismatch; Holder<MobEffect> cannot be converted to MobEffect)
    method MobEffectModule.builder(Supplier<? extends MobEffect>) is not applicable
      (argument mismatch; Holder<MobEffect> cannot be converted to Supplier<? extends MobEffect>)
C:\Users\olikr\TinkersConstruct-NeoForge\src\main\java\slimeknights\tconstruct\tools\data\ModifierProvider.java:1596: error: no suitable constructor found for EffectImmunityModule(Holder<MobEffect>,LevelingInt)
      .addModule(new EffectImmunityModule(MobEffects.WITHER, LevelingInt.LEVEL))
                 ^
    constructor EffectImmunityModule.EffectImmunityModule(MobEffect,ModifierCondition<IToolStackView>) is not applicable
      (argument mismatch; Holder<MobEffect> cannot be converted to MobEffect)
    constructor EffectImmunityModule.EffectImmunityModule(MobEffect,LevelingInt) is not applicable
      (argument mismatch; Holder<MobEffect> cannot be converted to MobEffect)
    constructor EffectImmunityModule.EffectImmunityModule(Supplier<? extends MobEffect>,LevelingInt) is not applicable
      (argument mismatch; Holder<MobEffect> cannot be converted to Supplier<? extends MobEffect>)
C:\Users\olikr\TinkersConstruct-NeoForge\src\main\java\slimeknights\tconstruct\tools\data\ModifierProvider.java:1597: error: no suitable method found for builder(Holder<MobEffect>)
      .addModule(MobEffectModule.builder(MobEffects.WITHER).damageSource(DamageSourcePredicate.tag(TinkerTags.DamageTypes.MELEE_PROTECTION)).time(RandomLevelingValue.flat(120)).buildArmorAttack());
                                ^
    method MobEffectModule.builder(MobEffect) is not applicable
      (argument mismatch; Holder<MobEffect> cannot be converted to MobEffect)
    method MobEffectModule.builder(Supplier<? extends MobEffect>) is not applicable
      (argument mismatch; Holder<MobEffect> cannot be converted to Supplier<? extends MobEffect>)
C:\Users\olikr\TinkersConstruct-NeoForge\src\main\java\slimeknights\tconstruct\tools\data\ModifierProvider.java:1636: error: no suitable method found for buildModifier(ResourceLocation)
    buildModifier(TinkerModifiers.dyed.getId()).tooltipDisplay(TooltipDisplay.TINKER_STATION).levelDisplay(ModifierLevelDisplay.NO_LEVELS).addModule(DyeModule.INSTANCE);
    ^
    method AbstractModifierProvider.buildModifier(ModifierId,ICondition,JsonRedirect...) is not applicable
      (argument mismatch; ResourceLocation cannot be converted to ModifierId)
    method AbstractModifierProvider.buildModifier(ModifierId,JsonRedirect...) is not applicable
      (argument mismatch; ResourceLocation cannot be converted to ModifierId)
    method AbstractModifierProvider.buildModifier(DynamicModifier,ICondition,JsonRedirect...) is not applicable
      (argument mismatch; ResourceLocation cannot be converted to DynamicModifier)
    method AbstractModifierProvider.buildModifier(DynamicModifier,JsonRedirect...) is not applicable
      (argument mismatch; ResourceLocation cannot be converted to DynamicModifier)
Note: Some input files use or override a deprecated API.
Note: Recompile with -Xlint:deprecation for details.
Note: Some input files additionally use or override a deprecated API that is marked for removal.
Note: Some input files use unchecked or unsafe operations.
Note: Recompile with -Xlint:unchecked for details.
Note: Some messages have been simplified; recompile with -Xdiags:verbose to get full output
100 errors
100 warnings

FAILURE: Build failed with an exception.

* What went wrong:
Execution failed for task ':compileJava'.
> Compilation failed; see the compiler output below.
  C:\Users\olikr\TinkersConstruct-NeoForge\src\main\java\slimeknights\tconstruct\library\client\modifiers\model\TrimModifierModel.java:128: error: constructor ResourceLocation in class ResourceLocation cannot be applied to given types;
        root = new ResourceLocation("trims/items/" + type.getName() + "_trim");
               ^
    required: String,String
    found:    String
    reason: actual and formal argument lists differ in length
  C:\Users\olikr\TinkersConstruct-NeoForge\src\main\java\slimeknights\tconstruct\common\data\model\TinkerSpriteSourceProvider.java:87: error: constructor ResourceLocation in class ResourceLocation cannot be applied to given types;
          Arrays.stream(TRIMS).flatMap(name -> Stream.of(new ResourceLocation(TRIM_FOLDER + name), new ResourceLocation(TRIM_FOLDER + name + "_leggings"))).toList(),
                                                         ^
    required: String,String
    found:    String
    reason: actual and formal argument lists differ in length
  C:\Users\olikr\TinkersConstruct-NeoForge\src\main\java\slimeknights\tconstruct\common\data\model\TinkerSpriteSourceProvider.java:87: error: constructor ResourceLocation in class ResourceLocation cannot be applied to given types;
          Arrays.stream(TRIMS).flatMap(name -> Stream.of(new ResourceLocation(TRIM_FOLDER + name), new ResourceLocation(TRIM_FOLDER + name + "_leggings"))).toList(),
                                                                                                   ^
    required: String,String
    found:    String
    reason: actual and formal argument lists differ in length
  C:\Users\olikr\TinkersConstruct-NeoForge\src\main\java\slimeknights\tconstruct\library\client\modifiers\ModifierModelMapManager.java:131: error: constructor ResourceLocation in class ResourceLocation cannot be applied to given types;
          model = new NormalModifierModel(ModifierModel.blockAtlas(new ResourceLocation(value.getAsString())), null);
                                                                   ^
    required: String,String
    found:    String
    reason: actual and formal argument lists differ in length
  C:\Users\olikr\TinkersConstruct-NeoForge\src\main\java\slimeknights\tconstruct\tools\client\ShieldBannerModifierSpriteSource.java:105: error: constructor SpriteContents in class SpriteContents cannot be applied to given types;
            return new SpriteContents(this.output, new FrameSize(generated.getWidth(), generated.getHeight()), generated, AnimationMetadataSection.EMPTY, null);
                   ^
    required: ResourceLocation,FrameSize,NativeImage,ResourceMetadata
    found:    ResourceLocation,FrameSize,NativeImage,AnimationMetadataSection,<null>
    reason: actual and formal argument lists differ in length
  Note: Some input files additionally use or override a deprecated API that is marked for removal.
  C:\Users\olikr\TinkersConstruct-NeoForge\src\main\java\slimeknights\tconstruct\library\client\armor\texture\DyedArmorTextureSupplier.java:25: error: no suitable method found for create(LoadableField<ResourceLocation,Object>,LoadableField<ModifierId,Object>,LoadableField<String,Object>,LoadableField<ModifierId,Object>,LoadableField<Integer,Object>,LoadableField<Integer,Object>,DyedArmorT[...]::new)
    public static final RecordLoadable<DyedArmorTextureSupplier> LOADER = RecordLoadable.create(
                                                                                        ^
      method RecordLoadable.<A#1,R#1>create(RecordField<A#1,? super R#1>,Function<A#1,R#1>) is not applicable
        (cannot infer type-variable(s) A#1,R#1
          (actual and formal argument lists differ in length))
      method RecordLoadable.<A#2,B#1,R#2>create(RecordField<A#2,? super R#2>,RecordField<B#1,? super R#2>,BiFunction<A#2,B#1,R#2>) is not applicable
        (cannot infer type-variable(s) A#2,B#1,R#2
          (actual and formal argument lists differ in length))
      method RecordLoadable.<A#3,B#2,C#1,R#3>create(RecordField<A#3,? super R#3>,RecordField<B#2,? super R#3>,RecordField<C#1,? super R#3>,Function3<A#3,B#2,C#1,R#3>) is not applicable
        (cannot infer type-variable(s) A#3,B#2,C#1,R#3
          (actual and formal argument lists differ in length))
      method RecordLoadable.<A#4,B#3,C#2,D#1,R#4>create(RecordField<A#4,? super R#4>,RecordField<B#3,? super R#4>,RecordField<C#2,? super R#4>,RecordField<D#1,? super R#4>,Function4<A#4,B#3,C#2,D#1,R#4>) is not applicable
        (cannot infer type-variable(s) A#4,B#3,C#2,D#1,R#4
          (actual and formal argument lists differ in length))
      method RecordLoadable.<A#5,B#4,C#3,D#2,E#1,R#5>create(RecordField<A#5,? super R#5>,RecordField<B#4,? super R#5>,RecordField<C#3,? super R#5>,RecordField<D#2,? super R#5>,RecordField<E#1,? super R#5>,Function5<A#5,B#4,C#3,D#2,E#1,R#5>) is not applicable
        (cannot infer type-variable(s) A#5,B#4,C#3,D#2,E#1,R#5
          (actual and formal argument lists differ in length))
      method RecordLoadable.<A#6,B#5,C#4,D#3,E#2,F#1,R#6>create(RecordField<A#6,? super R#6>,RecordField<B#5,? super R#6>,RecordField<C#4,? super R#6>,RecordField<D#3,? super R#6>,RecordField<E#2,? super R#6>,RecordField<F#1,? super R#6>,Function6<A#6,B#5,C#4,D#3,E#2,F#1,R#6>) is not applicable
        (cannot infer type-variable(s) A#6,B#5,C#4,D#3,E#2,F#1,R#6,P#1,P#2,P#2,P#2,P#3,P#4
          (argument mismatch; incompatible parameter types in method reference))
      method RecordLoadable.<A#7,B#6,C#5,D#4,E#3,F#2,G#1,R#7>create(RecordField<A#7,? super R#7>,RecordField<B#6,? super R#7>,RecordField<C#5,? super R#7>,RecordField<D#4,? super R#7>,RecordField<E#3,? super R#7>,RecordField<F#2,? super R#7>,RecordField<G#1,? super R#7>,Function7<A#7,B#6,C#5,D#4,E#3,F#2,G#1,R#7>) is not applicable
        (cannot infer type-variable(s) A#7,B#6,C#5,D#4,E#3,F#2,G#1,R#7
          (actual and formal argument lists differ in length))
      method RecordLoadable.<A#8,B#7,C#6,D#5,E#4,F#3,G#2,H#1,R#8>create(RecordField<A#8,? super R#8>,RecordField<B#7,? super R#8>,RecordField<C#6,? super R#8>,RecordField<D#5,? super R#8>,RecordField<E#4,? super R#8>,RecordField<F#3,? super R#8>,RecordField<G#2,? super R#8>,RecordField<H#1,? super R#8>,Function8<A#8,B#7,C#6,D#5,E#4,F#3,G#2,H#1,R#8>) is not applicable
        (cannot infer type-variable(s) A#8,B#7,C#6,D#5,E#4,F#3,G#2,H#1,R#8
          (actual and formal argument lists differ in length))
      method RecordLoadable.<A#9,B#8,C#7,D#6,E#5,F#4,G#3,H#2,I#1,R#9>create(RecordField<A#9,? super R#9>,RecordField<B#8,? super R#9>,RecordField<C#7,? super R#9>,RecordField<D#6,? super R#9>,RecordField<E#5,? super R#9>,RecordField<F#4,? super R#9>,RecordField<G#3,? super R#9>,RecordField<H#2,? super R#9>,RecordField<I#1,? super R#9>,Function9<A#9,B#8,C#7,D#6,E#5,F#4,G#3,H#2,I#1,R#9>) is not applicable
        (cannot infer type-variable(s) A#9,B#8,C#7,D#6,E#5,F#4,G#3,H#2,I#1,R#9
          (actual and formal argument lists differ in length))
      method RecordLoadable.<A#10,B#9,C#8,D#7,E#6,F#5,G#4,H#3,I#2,J#1,R#10>create(RecordField<A#10,? super R#10>,RecordField<B#9,? super R#10>,RecordField<C#8,? super R#10>,RecordField<D#7,? super R#10>,RecordField<E#6,? super R#10>,RecordField<F#5,? super R#10>,RecordField<G#4,? super R#10>,RecordField<H#3,? super R#10>,RecordField<I#2,? super R#10>,RecordField<J#1,? super R#10>,Function10<A#10,B#9,C#8,D#7,E#6,F#5,G#4,H#3,I#2,J#1,R#10>) is not applicable
        (cannot infer type-variable(s) A#10,B#9,C#8,D#7,E#6,F#5,G#4,H#3,I#2,J#1,R#10
          (actual and formal argument lists differ in length))
      method RecordLoadable.<A#11,B#10,C#9,D#8,E#7,F#6,G#5,H#4,I#3,J#2,K#1,R#11>create(RecordField<A#11,? super R#11>,RecordField<B#10,? super R#11>,RecordField<C#9,? super R#11>,RecordField<D#8,? super R#11>,RecordField<E#7,? super R#11>,RecordField<F#6,? super R#11>,RecordField<G#5,? super R#11>,RecordField<H#4,? super R#11>,RecordField<I#3,? super R#11>,RecordField<J#2,? super R#11>,RecordField<K#1,? super R#11>,Function11<A#11,B#10,C#9,D#8,E#7,F#6,G#5,H#4,I#3,J#2,K#1,R#11>) is not applicable
        (cannot infer type-variable(s) A#11,B#10,C#9,D#8,E#7,F#6,G#5,H#4,I#3,J#2,K#1,R#11
          (actual and formal argument lists differ in length))
      method RecordLoadable.<A#12,B#11,C#10,D#9,E#8,F#7,G#6,H#5,I#4,J#3,K#2,L#1,R#12>create(RecordField<A#12,? super R#12>,RecordField<B#11,? super R#12>,RecordField<C#10,? super R#12>,RecordField<D#9,? super R#12>,RecordField<E#8,? super R#12>,RecordField<F#7,? super R#12>,RecordField<G#6,? super R#12>,RecordField<H#5,? super R#12>,RecordField<I#4,? super R#12>,RecordField<J#3,? super R#12>,RecordField<K#2,? super R#12>,RecordField<L#1,? super R#12>,Function12<A#12,B#11,C#10,D#9,E#8,F#7,G#6,H#5,I#4,J#3,K#2,L#1,R#12>) is not applicable
        (cannot infer type-variable(s) A#12,B#11,C#10,D#9,E#8,F#7,G#6,H#5,I#4,J#3,K#2,L#1,R#12
          (actual and formal argument lists differ in length))
      method RecordLoadable.<A#13,B#12,C#11,D#10,E#9,F#8,G#7,H#6,I#5,J#4,K#3,L#2,M#1,R#13>create(RecordField<A#13,? super R#13>,RecordField<B#12,? super R#13>,RecordField<C#11,? super R#13>,RecordField<D#10,? super R#13>,RecordField<E#9,? super R#13>,RecordField<F#8,? super R#13>,RecordField<G#7,? super R#13>,RecordField<H#6,? super R#13>,RecordField<I#5,? super R#13>,RecordField<J#4,? super R#13>,RecordField<K#3,? super R#13>,RecordField<L#2,? super R#13>,RecordField<M#1,? super R#13>,Function13<A#13,B#12,C#11,D#10,E#9,F#8,G#7,H#6,I#5,J#4,K#3,L#2,M#1,R#13>) is not applicable
        (cannot infer type-variable(s) A#13,B#12,C#11,D#10,E#9,F#8,G#7,H#6,I#5,J#4,K#3,L#2,M#1,R#13
          (actual and formal argument lists differ in length))
      method RecordLoadable.<A#14,B#13,C#12,D#11,E#10,F#9,G#8,H#7,I#6,J#5,K#4,L#3,M#2,N#1,R#14>create(RecordField<A#14,? super R#14>,RecordField<B#13,? super R#14>,RecordField<C#12,? super R#14>,RecordField<D#11,? super R#14>,RecordField<E#10,? super R#14>,RecordField<F#9,? super R#14>,RecordField<G#8,? super R#14>,RecordField<H#7,? super R#14>,RecordField<I#6,? super R#14>,RecordField<J#5,? super R#14>,RecordField<K#4,? super R#14>,RecordField<L#3,? super R#14>,RecordField<M#2,? super R#14>,RecordField<N#1,? super R#14>,Function14<A#14,B#13,C#12,D#11,E#10,F#9,G#8,H#7,I#6,J#5,K#4,L#3,M#2,N#1,R#14>) is not applicable
        (cannot infer type-variable(s) A#14,B#13,C#12,D#11,E#10,F#9,G#8,H#7,I#6,J#5,K#4,L#3,M#2,N#1,R#14
          (actual and formal argument lists differ in length))
      method RecordLoadable.<A#15,B#14,C#13,D#12,E#11,F#10,G#9,H#8,I#7,J#6,K#5,L#4,M#3,N#2,O#1,R#15>create(RecordField<A#15,? super R#15>,RecordField<B#14,? super R#15>,RecordField<C#13,? super R#15>,RecordField<D#12,? super R#15>,RecordField<E#11,? super R#15>,RecordField<F#10,? super R#15>,RecordField<G#9,? super R#15>,RecordField<H#8,? super R#15>,RecordField<I#7,? super R#15>,RecordField<J#6,? super R#15>,RecordField<K#5,? super R#15>,RecordField<L#4,? super R#15>,RecordField<M#3,? super R#15>,RecordField<N#2,? super R#15>,RecordField<O#1,? super R#15>,Function15<A#15,B#14,C#13,D#12,E#11,F#10,G#9,H#8,I#7,J#6,K#5,L#4,M#3,N#2,O#1,R#15>) is not applicable
        (cannot infer type-variable(s) A#15,B#14,C#13,D#12,E#11,F#10,G#9,H#8,I#7,J#6,K#5,L#4,M#3,N#2,O#1,R#15
          (actual and formal argument lists differ in length))
      method RecordLoadable.<A#16,B#15,C#14,D#13,E#12,F#11,G#10,H#9,I#8,J#7,K#6,L#5,M#4,N#3,O#2,P#5,R#16>create(RecordField<A#16,? super R#16>,RecordField<B#15,? super R#16>,RecordField<C#14,? super R#16>,RecordField<D#13,? super R#16>,RecordField<E#12,? super R#16>,RecordField<F#11,? super R#16>,RecordField<G#10,? super R#16>,RecordField<H#9,? super R#16>,RecordField<I#8,? super R#16>,RecordField<J#7,? super R#16>,RecordField<K#6,? super R#16>,RecordField<L#5,? super R#16>,RecordField<M#4,? super R#16>,RecordField<N#3,? super R#16>,RecordField<O#2,? super R#16>,RecordField<P#5,? super R#16>,Function16<A#16,B#15,C#14,D#13,E#12,F#11,G#10,H#9,I#8,J#7,K#6,L#5,M#4,N#3,O#2,P#5,R#16>) is not applicable
        (cannot infer type-variable(s) A#16,B#15,C#14,D#13,E#12,F#11,G#10,H#9,I#8,J#7,K#6,L#5,M#4,N#3,O#2,P#5,R#16
          (actual and formal argument lists differ in length))
    where A#1,R#1,A#2,B#1,R#2,A#3,B#2,C#1,R#3,A#4,B#3,C#2,D#1,R#4,A#5,B#4,C#3,D#2,E#1,R#5,A#6,B#5,C#4,D#3,E#2,F#1,R#6,P#1,T,P#2,P#3,P#4,A#7,B#6,C#5,D#4,E#3,F#2,G#1,R#7,A#8,B#7,C#6,D#5,E#4,F#3,G#2,H#1,R#8,A#9,B#8,C#7,D#6,E#5,F#4,G#3,H#2,I#1,R#9,A#10,B#9,C#8,D#7,E#6,F#5,G#4,H#3,I#2,J#1,R#10,A#11,B#10,C#9,D#8,E#7,F#6,G#5,H#4,I#3,J#2,K#1,R#11,A#12,B#11,C#10,D#9,E#8,F#7,G#6,H#5,I#4,J#3,K#2,L#1,R#12,A#13,B#12,C#11,D#10,E#9,F#8,G#7,H#6,I#5,J#4,K#3,L#2,M#1,R#13,A#14,B#13,C#12,D#11,E#10,F#9,G#8,H#7,I#6,J#5,K#4,L#3,M#2,N#1,R#14,A#15,B#14,C#13,D#12,E#11,F#10,G#9,H#8,I#7,J#6,K#5,L#4,M#3,N#2,O#1,R#15,A#16,B#15,C#14,D#13,E#12,F#11,G#10,H#9,I#8,J#7,K#6,L#5,M#4,N#3,O#2,P#5,R#16 are type-variables:
      A#1 extends Object declared in method <A#1,R#1>create(RecordField<A#1,? super R#1>,Function<A#1,R#1>)
      R#1 extends Object declared in method <A#1,R#1>create(RecordField<A#1,? super R#1>,Function<A#1,R#1>)
      A#2 extends Object declared in method <A#2,B#1,R#2>create(RecordField<A#2,? super R#2>,RecordField<B#1,? super R#2>,BiFunction<A#2,B#1,R#2>)
      B#1 extends Object declared in method <A#2,B#1,R#2>create(RecordField<A#2,? super R#2>,RecordField<B#1,? super R#2>,BiFunction<A#2,B#1,R#2>)
      R#2 extends Object declared in method <A#2,B#1,R#2>create(RecordField<A#2,? super R#2>,RecordField<B#1,? super R#2>,BiFunction<A#2,B#1,R#2>)
      A#3 extends Object declared in method <A#3,B#2,C#1,R#3>create(RecordField<A#3,? super R#3>,RecordField<B#2,? super R#3>,RecordField<C#1,? super R#3>,Function3<A#3,B#2,C#1,R#3>)
      B#2 extends Object declared in method <A#3,B#2,C#1,R#3>create(RecordField<A#3,? super R#3>,RecordField<B#2,? super R#3>,RecordField<C#1,? super R#3>,Function3<A#3,B#2,C#1,R#3>)
      C#1 extends Object declared in method <A#3,B#2,C#1,R#3>create(RecordField<A#3,? super R#3>,RecordField<B#2,? super R#3>,RecordField<C#1,? super R#3>,Function3<A#3,B#2,C#1,R#3>)
      R#3 extends Object declared in method <A#3,B#2,C#1,R#3>create(RecordField<A#3,? super R#3>,RecordField<B#2,? super R#3>,RecordField<C#1,? super R#3>,Function3<A#3,B#2,C#1,R#3>)
      A#4 extends Object declared in method <A#4,B#3,C#2,D#1,R#4>create(RecordField<A#4,? super R#4>,RecordField<B#3,? super R#4>,RecordField<C#2,? super R#4>,RecordField<D#1,? super R#4>,Function4<A#4,B#3,C#2,D#1,R#4>)
      B#3 extends Object declared in method <A#4,B#3,C#2,D#1,R#4>create(RecordField<A#4,? super R#4>,RecordField<B#3,? super R#4>,RecordField<C#2,? super R#4>,RecordField<D#1,? super R#4>,Function4<A#4,B#3,C#2,D#1,R#4>)
      C#2 extends Object declared in method <A#4,B#3,C#2,D#1,R#4>create(RecordField<A#4,? super R#4>,RecordField<B#3,? super R#4>,RecordField<C#2,? super R#4>,RecordField<D#1,? super R#4>,Function4<A#4,B#3,C#2,D#1,R#4>)
      D#1 extends Object declared in method <A#4,B#3,C#2,D#1,R#4>create(RecordField<A#4,? super R#4>,RecordField<B#3,? super R#4>,RecordField<C#2,? super R#4>,RecordField<D#1,? super R#4>,Function4<A#4,B#3,C#2,D#1,R#4>)
      R#4 extends Object declared in method <A#4,B#3,C#2,D#1,R#4>create(RecordField<A#4,? super R#4>,RecordField<B#3,? super R#4>,RecordField<C#2,? super R#4>,RecordField<D#1,? super R#4>,Function4<A#4,B#3,C#2,D#1,R#4>)
      A#5 extends Object declared in method <A#5,B#4,C#3,D#2,E#1,R#5>create(RecordField<A#5,? super R#5>,RecordField<B#4,? super R#5>,RecordField<C#3,? super R#5>,RecordField<D#2,? super R#5>,RecordField<E#1,? super R#5>,Function5<A#5,B#4,C#3,D#2,E#1,R#5>)
      B#4 extends Object declared in method <A#5,B#4,C#3,D#2,E#1,R#5>create(RecordField<A#5,? super R#5>,RecordField<B#4,? super R#5>,RecordField<C#3,? super R#5>,RecordField<D#2,? super R#5>,RecordField<E#1,? super R#5>,Function5<A#5,B#4,C#3,D#2,E#1,R#5>)
      C#3 extends Object declared in method <A#5,B#4,C#3,D#2,E#1,R#5>create(RecordField<A#5,? super R#5>,RecordField<B#4,? super R#5>,RecordField<C#3,? super R#5>,RecordField<D#2,? super R#5>,RecordField<E#1,? super R#5>,Function5<A#5,B#4,C#3,D#2,E#1,R#5>)
      D#2 extends Object declared in method <A#5,B#4,C#3,D#2,E#1,R#5>create(RecordField<A#5,? super R#5>,RecordField<B#4,? super R#5>,RecordField<C#3,? super R#5>,RecordField<D#2,? super R#5>,RecordField<E#1,? super R#5>,Function5<A#5,B#4,C#3,D#2,E#1,R#5>)
      E#1 extends Object declared in method <A#5,B#4,C#3,D#2,E#1,R#5>create(RecordField<A#5,? super R#5>,RecordField<B#4,? super R#5>,RecordField<C#3,? super R#5>,RecordField<D#2,? super R#5>,RecordField<E#1,? super R#5>,Function5<A#5,B#4,C#3,D#2,E#1,R#5>)
      R#5 extends Object declared in method <A#5,B#4,C#3,D#2,E#1,R#5>create(RecordField<A#5,? super R#5>,RecordField<B#4,? super R#5>,RecordField<C#3,? super R#5>,RecordField<D#2,? super R#5>,RecordField<E#1,? super R#5>,Function5<A#5,B#4,C#3,D#2,E#1,R#5>)
      A#6 extends Object declared in method <A#6,B#5,C#4,D#3,E#2,F#1,R#6>create(RecordField<A#6,? super R#6>,RecordField<B#5,? super R#6>,RecordField<C#4,? super R#6>,RecordField<D#3,? super R#6>,RecordField<E#2,? super R#6>,RecordField<F#1,? super R#6>,Function6<A#6,B#5,C#4,D#3,E#2,F#1,R#6>)
      B#5 extends Object declared in method <A#6,B#5,C#4,D#3,E#2,F#1,R#6>create(RecordField<A#6,? super R#6>,RecordField<B#5,? super R#6>,RecordField<C#4,? super R#6>,RecordField<D#3,? super R#6>,RecordField<E#2,? super R#6>,RecordField<F#1,? super R#6>,Function6<A#6,B#5,C#4,D#3,E#2,F#1,R#6>)
      C#4 extends Object declared in method <A#6,B#5,C#4,D#3,E#2,F#1,R#6>create(RecordField<A#6,? super R#6>,RecordField<B#5,? super R#6>,RecordField<C#4,? super R#6>,RecordField<D#3,? super R#6>,RecordField<E#2,? super R#6>,RecordField<F#1,? super R#6>,Function6<A#6,B#5,C#4,D#3,E#2,F#1,R#6>)
      D#3 extends Object declared in method <A#6,B#5,C#4,D#3,E#2,F#1,R#6>create(RecordField<A#6,? super R#6>,RecordField<B#5,? super R#6>,RecordField<C#4,? super R#6>,RecordField<D#3,? super R#6>,RecordField<E#2,? super R#6>,RecordField<F#1,? super R#6>,Function6<A#6,B#5,C#4,D#3,E#2,F#1,R#6>)
      E#2 extends Object declared in method <A#6,B#5,C#4,D#3,E#2,F#1,R#6>create(RecordField<A#6,? super R#6>,RecordField<B#5,? super R#6>,RecordField<C#4,? super R#6>,RecordField<D#3,? super R#6>,RecordField<E#2,? super R#6>,RecordField<F#1,? super R#6>,Function6<A#6,B#5,C#4,D#3,E#2,F#1,R#6>)
      F#1 extends Object declared in method <A#6,B#5,C#4,D#3,E#2,F#1,R#6>create(RecordField<A#6,? super R#6>,RecordField<B#5,? super R#6>,RecordField<C#4,? super R#6>,RecordField<D#3,? super R#6>,RecordField<E#2,? super R#6>,RecordField<F#1,? super R#6>,Function6<A#6,B#5,C#4,D#3,E#2,F#1,R#6>)
      R#6 extends Object declared in method <A#6,B#5,C#4,D#3,E#2,F#1,R#6>create(RecordField<A#6,? super R#6>,RecordField<B#5,? super R#6>,RecordField<C#4,? super R#6>,RecordField<D#3,? super R#6>,RecordField<E#2,? super R#6>,RecordField<F#1,? super R#6>,Function6<A#6,B#5,C#4,D#3,E#2,F#1,R#6>)
      P#1 extends Object declared in method <P#1>requiredField(String,Function<P#1,T>)
      T extends Object declared in interface Loadable
      P#2 extends Object declared in method <P#2>defaultField(String,T,Function<P#2,T>)
      P#3 extends Object declared in method <P#3>nullableField(String,Function<P#3,T>)
      P#4 extends Object declared in method <P#4>defaultField(String,T,boolean,Function<P#4,T>)
      A#7 extends Object declared in method <A#7,B#6,C#5,D#4,E#3,F#2,G#1,R#7>create(RecordField<A#7,? super R#7>,RecordField<B#6,? super R#7>,RecordField<C#5,? super R#7>,RecordField<D#4,? super R#7>,RecordField<E#3,? super R#7>,RecordField<F#2,? super R#7>,RecordField<G#1,? super R#7>,Function7<A#7,B#6,C#5,D#4,E#3,F#2,G#1,R#7>)
      B#6 extends Object declared in method <A#7,B#6,C#5,D#4,E#3,F#2,G#1,R#7>create(RecordField<A#7,? super R#7>,RecordField<B#6,? super R#7>,RecordField<C#5,? super R#7>,RecordField<D#4,? super R#7>,RecordField<E#3,? super R#7>,RecordField<F#2,? super R#7>,RecordField<G#1,? super R#7>,Function7<A#7,B#6,C#5,D#4,E#3,F#2,G#1,R#7>)
      C#5 extends Object declared in method <A#7,B#6,C#5,D#4,E#3,F#2,G#1,R#7>create(RecordField<A#7,? super R#7>,RecordField<B#6,? super R#7>,RecordField<C#5,? super R#7>,RecordField<D#4,? super R#7>,RecordField<E#3,? super R#7>,RecordField<F#2,? super R#7>,RecordField<G#1,? super R#7>,Function7<A#7,B#6,C#5,D#4,E#3,F#2,G#1,R#7>)
      D#4 extends Object declared in method <A#7,B#6,C#5,D#4,E#3,F#2,G#1,R#7>create(RecordField<A#7,? super R#7>,RecordField<B#6,? super R#7>,RecordField<C#5,? super R#7>,RecordField<D#4,? super R#7>,RecordField<E#3,? super R#7>,RecordField<F#2,? super R#7>,RecordField<G#1,? super R#7>,Function7<A#7,B#6,C#5,D#4,E#3,F#2,G#1,R#7>)
      E#3 extends Object declared in method <A#7,B#6,C#5,D#4,E#3,F#2,G#1,R#7>create(RecordField<A#7,? super R#7>,RecordField<B#6,? super R#7>,RecordField<C#5,? super R#7>,RecordField<D#4,? super R#7>,RecordField<E#3,? super R#7>,RecordField<F#2,? super R#7>,RecordField<G#1,? super R#7>,Function7<A#7,B#6,C#5,D#4,E#3,F#2,G#1,R#7>)
      F#2 extends Object declared in method <A#7,B#6,C#5,D#4,E#3,F#2,G#1,R#7>create(RecordField<A#7,? super R#7>,RecordField<B#6,? super R#7>,RecordField<C#5,? super R#7>,RecordField<D#4,? super R#7>,RecordField<E#3,? super R#7>,RecordField<F#2,? super R#7>,RecordField<G#1,? super R#7>,Function7<A#7,B#6,C#5,D#4,E#3,F#2,G#1,R#7>)
      G#1 extends Object declared in method <A#7,B#6,C#5,D#4,E#3,F#2,G#1,R#7>create(RecordField<A#7,? super R#7>,RecordField<B#6,? super R#7>,RecordField<C#5,? super R#7>,RecordField<D#4,? super R#7>,RecordField<E#3,? super R#7>,RecordField<F#2,? super R#7>,RecordField<G#1,? super R#7>,Function7<A#7,B#6,C#5,D#4,E#3,F#2,G#1,R#7>)
      R#7 extends Object declared in method <A#7,B#6,C#5,D#4,E#3,F#2,G#1,R#7>create(RecordField<A#7,? super R#7>,RecordField<B#6,? super R#7>,RecordField<C#5,? super R#7>,RecordField<D#4,? super R#7>,RecordField<E#3,? super R#7>,RecordField<F#2,? super R#7>,RecordField<G#1,? super R#7>,Function7<A#7,B#6,C#5,D#4,E#3,F#2,G#1,R#7>)
      A#8 extends Object declared in method <A#8,B#7,C#6,D#5,E#4,F#3,G#2,H#1,R#8>create(RecordField<A#8,? super R#8>,RecordField<B#7,? super R#8>,RecordField<C#6,? super R#8>,RecordField<D#5,? super R#8>,RecordField<E#4,? super R#8>,RecordField<F#3,? super R#8>,RecordField<G#2,? super R#8>,RecordField<H#1,? super R#8>,Function8<A#8,B#7,C#6,D#5,E#4,F#3,G#2,H#1,R#8>)
      B#7 extends Object declared in method <A#8,B#7,C#6,D#5,E#4,F#3,G#2,H#1,R#8>create(RecordField<A#8,? super R#8>,RecordField<B#7,? super R#8>,RecordField<C#6,? super R#8>,RecordField<D#5,? super R#8>,RecordField<E#4,? super R#8>,RecordField<F#3,? super R#8>,RecordField<G#2,? super R#8>,RecordField<H#1,? super R#8>,Function8<A#8,B#7,C#6,D#5,E#4,F#3,G#2,H#1,R#8>)
      C#6 extends Object declared in method <A#8,B#7,C#6,D#5,E#4,F#3,G#2,H#1,R#8>create(RecordField<A#8,? super R#8>,RecordField<B#7,? super R#8>,RecordField<C#6,? super R#8>,RecordField<D#5,? super R#8>,RecordField<E#4,? super R#8>,RecordField<F#3,? super R#8>,RecordField<G#2,? super R#8>,RecordField<H#1,? super R#8>,Function8<A#8,B#7,C#6,D#5,E#4,F#3,G#2,H#1,R#8>)
      D#5 extends Object declared in method <A#8,B#7,C#6,D#5,E#4,F#3,G#2,H#1,R#8>create(RecordField<A#8,? super R#8>,RecordField<B#7,? super R#8>,RecordField<C#6,? super R#8>,RecordField<D#5,? super R#8>,RecordField<E#4,? super R#8>,RecordField<F#3,? super R#8>,RecordField<G#2,? super R#8>,RecordField<H#1,? super R#8>,Function8<A#8,B#7,C#6,D#5,E#4,F#3,G#2,H#1,R#8>)
      E#4 extends Object declared in method <A#8,B#7,C#6,D#5,E#4,F#3,G#2,H#1,R#8>create(RecordField<A#8,? super R#8>,RecordField<B#7,? super R#8>,RecordField<C#6,? super R#8>,RecordField<D#5,? super R#8>,RecordField<E#4,? super R#8>,RecordField<F#3,? super R#8>,RecordField<G#2,? super R#8>,RecordField<H#1,? super R#8>,Function8<A#8,B#7,C#6,D#5,E#4,F#3,G#2,H#1,R#8>)
      F#3 extends Object declared in method <A#8,B#7,C#6,D#5,E#4,F#3,G#2,H#1,R#8>create(RecordField<A#8,? super R#8>,RecordField<B#7,? super R#8>,RecordField<C#6,? super R#8>,RecordField<D#5,? super R#8>,RecordField<E#4,? super R#8>,RecordField<F#3,? super R#8>,RecordField<G#2,? super R#8>,RecordField<H#1,? super R#8>,Function8<A#8,B#7,C#6,D#5,E#4,F#3,G#2,H#1,R#8>)
      G#2 extends Object declared in method <A#8,B#7,C#6,D#5,E#4,F#3,G#2,H#1,R#8>create(RecordField<A#8,? super R#8>,RecordField<B#7,? super R#8>,RecordField<C#6,? super R#8>,RecordField<D#5,? super R#8>,RecordField<E#4,? super R#8>,RecordField<F#3,? super R#8>,RecordField<G#2,? super R#8>,RecordField<H#1,? super R#8>,Function8<A#8,B#7,C#6,D#5,E#4,F#3,G#2,H#1,R#8>)
      H#1 extends Object declared in method <A#8,B#7,C#6,D#5,E#4,F#3,G#2,H#1,R#8>create(RecordField<A#8,? super R#8>,RecordField<B#7,? super R#8>,RecordField<C#6,? super R#8>,RecordField<D#5,? super R#8>,RecordField<E#4,? super R#8>,RecordField<F#3,? super R#8>,RecordField<G#2,? super R#8>,RecordField<H#1,? super R#8>,Function8<A#8,B#7,C#6,D#5,E#4,F#3,G#2,H#1,R#8>)
      R#8 extends Object declared in method <A#8,B#7,C#6,D#5,E#4,F#3,G#2,H#1,R#8>create(RecordField<A#8,? super R#8>,RecordField<B#7,? super R#8>,RecordField<C#6,? super R#8>,RecordField<D#5,? super R#8>,RecordField<E#4,? super R#8>,RecordField<F#3,? super R#8>,RecordField<G#2,? super R#8>,RecordField<H#1,? super R#8>,Function8<A#8,B#7,C#6,D#5,E#4,F#3,G#2,H#1,R#8>)
      A#9 extends Object declared in method <A#9,B#8,C#7,D#6,E#5,F#4,G#3,H#2,I#1,R#9>create(RecordField<A#9,? super R#9>,RecordField<B#8,? super R#9>,RecordField<C#7,? super R#9>,RecordField<D#6,? super R#9>,RecordField<E#5,? super R#9>,RecordField<F#4,? super R#9>,RecordField<G#3,? super R#9>,RecordField<H#2,? super R#9>,RecordField<I#1,? super R#9>,Function9<A#9,B#8,C#7,D#6,E#5,F#4,G#3,H#2,I#1,R#9>)
      B#8 extends Object declared in method <A#9,B#8,C#7,D#6,E#5,F#4,G#3,H#2,I#1,R#9>create(RecordField<A#9,? super R#9>,RecordField<B#8,? super R#9>,RecordField<C#7,? super R#9>,RecordField<D#6,? super R#9>,RecordField<E#5,? super R#9>,RecordField<F#4,? super R#9>,RecordField<G#3,? super R#9>,RecordField<H#2,? super R#9>,RecordField<I#1,? super R#9>,Function9<A#9,B#8,C#7,D#6,E#5,F#4,G#3,H#2,I#1,R#9>)
      C#7 extends Object declared in method <A#9,B#8,C#7,D#6,E#5,F#4,G#3,H#2,I#1,R#9>create(RecordField<A#9,? super R#9>,RecordField<B#8,? super R#9>,RecordField<C#7,? super R#9>,RecordField<D#6,? super R#9>,RecordField<E#5,? super R#9>,RecordField<F#4,? super R#9>,RecordField<G#3,? super R#9>,RecordField<H#2,? super R#9>,RecordField<I#1,? super R#9>,Function9<A#9,B#8,C#7,D#6,E#5,F#4,G#3,H#2,I#1,R#9>)
      D#6 extends Object declared in method <A#9,B#8,C#7,D#6,E#5,F#4,G#3,H#2,I#1,R#9>create(RecordField<A#9,? super R#9>,RecordField<B#8,? super R#9>,RecordField<C#7,? super R#9>,RecordField<D#6,? super R#9>,RecordField<E#5,? super R#9>,RecordField<F#4,? super R#9>,RecordField<G#3,? super R#9>,RecordField<H#2,? super R#9>,RecordField<I#1,? super R#9>,Function9<A#9,B#8,C#7,D#6,E#5,F#4,G#3,H#2,I#1,R#9>)
      E#5 extends Object declared in method <A#9,B#8,C#7,D#6,E#5,F#4,G#3,H#2,I#1,R#9>create(RecordField<A#9,? super R#9>,RecordField<B#8,? super R#9>,RecordField<C#7,? super R#9>,RecordField<D#6,? super R#9>,RecordField<E#5,? super R#9>,RecordField<F#4,? super R#9>,RecordField<G#3,? super R#9>,RecordField<H#2,? super R#9>,RecordField<I#1,? super R#9>,Function9<A#9,B#8,C#7,D#6,E#5,F#4,G#3,H#2,I#1,R#9>)
      F#4 extends Object declared in method <A#9,B#8,C#7,D#6,E#5,F#4,G#3,H#2,I#1,R#9>create(RecordField<A#9,? super R#9>,RecordField<B#8,? super R#9>,RecordField<C#7,? super R#9>,RecordField<D#6,? super R#9>,RecordField<E#5,? super R#9>,RecordField<F#4,? super R#9>,RecordField<G#3,? super R#9>,RecordField<H#2,? super R#9>,RecordField<I#1,? super R#9>,Function9<A#9,B#8,C#7,D#6,E#5,F#4,G#3,H#2,I#1,R#9>)
      G#3 extends Object declared in method <A#9,B#8,C#7,D#6,E#5,F#4,G#3,H#2,I#1,R#9>create(RecordField<A#9,? super R#9>,RecordField<B#8,? super R#9>,RecordField<C#7,? super R#9>,RecordField<D#6,? super R#9>,RecordField<E#5,? super R#9>,RecordField<F#4,? super R#9>,RecordField<G#3,? super R#9>,RecordField<H#2,? super R#9>,RecordField<I#1,? super R#9>,Function9<A#9,B#8,C#7,D#6,E#5,F#4,G#3,H#2,I#1,R#9>)
      H#2 extends Object declared in method <A#9,B#8,C#7,D#6,E#5,F#4,G#3,H#2,I#1,R#9>create(RecordField<A#9,? super R#9>,RecordField<B#8,? super R#9>,RecordField<C#7,? super R#9>,RecordField<D#6,? super R#9>,RecordField<E#5,? super R#9>,RecordField<F#4,? super R#9>,RecordField<G#3,? super R#9>,RecordField<H#2,? super R#9>,RecordField<I#1,? super R#9>,Function9<A#9,B#8,C#7,D#6,E#5,F#4,G#3,H#2,I#1,R#9>)
      I#1 extends Object declared in method <A#9,B#8,C#7,D#6,E#5,F#4,G#3,H#2,I#1,R#9>create(RecordField<A#9,? super R#9>,RecordField<B#8,? super R#9>,RecordField<C#7,? super R#9>,RecordField<D#6,? super R#9>,RecordField<E#5,? super R#9>,RecordField<F#4,? super R#9>,RecordField<G#3,? super R#9>,RecordField<H#2,? super R#9>,RecordField<I#1,? super R#9>,Function9<A#9,B#8,C#7,D#6,E#5,F#4,G#3,H#2,I#1,R#9>)
      R#9 extends Object declared in method <A#9,B#8,C#7,D#6,E#5,F#4,G#3,H#2,I#1,R#9>create(RecordField<A#9,? super R#9>,RecordField<B#8,? super R#9>,RecordField<C#7,? super R#9>,RecordField<D#6,? super R#9>,RecordField<E#5,? super R#9>,RecordField<F#4,? super R#9>,RecordField<G#3,? super R#9>,RecordField<H#2,? super R#9>,RecordField<I#1,? super R#9>,Function9<A#9,B#8,C#7,D#6,E#5,F#4,G#3,H#2,I#1,R#9>)
      A#10 extends Object declared in method <A#10,B#9,C#8,D#7,E#6,F#5,G#4,H#3,I#2,J#1,R#10>create(RecordField<A#10,? super R#10>,RecordField<B#9,? super R#10>,RecordField<C#8,? super R#10>,RecordField<D#7,? super R#10>,RecordField<E#6,? super R#10>,RecordField<F#5,? super R#10>,RecordField<G#4,? super R#10>,RecordField<H#3,? super R#10>,RecordField<I#2,? super R#10>,RecordField<J#1,? super R#10>,Function10<A#10,B#9,C#8,D#7,E#6,F#5,G#4,H#3,I#2,J#1,R#10>)
      B#9 extends Object declared in method <A#10,B#9,C#8,D#7,E#6,F#5,G#4,H#3,I#2,J#1,R#10>create(RecordField<A#10,? super R#10>,RecordField<B#9,? super R#10>,RecordField<C#8,? super R#10>,RecordField<D#7,? super R#10>,RecordField<E#6,? super R#10>,RecordField<F#5,? super R#10>,RecordField<G#4,? super R#10>,RecordField<H#3,? super R#10>,RecordField<I#2,? super R#10>,RecordField<J#1,? super R#10>,Function10<A#10,B#9,C#8,D#7,E#6,F#5,G#4,H#3,I#2,J#1,R#10>)
      C#8 extends Object declared in method <A#10,B#9,C#8,D#7,E#6,F#5,G#4,H#3,I#2,J#1,R#10>create(RecordField<A#10,? super R#10>,RecordField<B#9,? super R#10>,RecordField<C#8,? super R#10>,RecordField<D#7,? super R#10>,RecordField<E#6,? super R#10>,RecordField<F#5,? super R#10>,RecordField<G#4,? super R#10>,RecordField<H#3,? super R#10>,RecordField<I#2,? super R#10>,RecordField<J#1,? super R#10>,Function10<A#10,B#9,C#8,D#7,E#6,F#5,G#4,H#3,I#2,J#1,R#10>)
      D#7 extends Object declared in method <A#10,B#9,C#8,D#7,E#6,F#5,G#4,H#3,I#2,J#1,R#10>create(RecordField<A#10,? super R#10>,RecordField<B#9,? super R#10>,RecordField<C#8,? super R#10>,RecordField<D#7,? super R#10>,RecordField<E#6,? super R#10>,RecordField<F#5,? super R#10>,RecordField<G#4,? super R#10>,RecordField<H#3,? super R#10>,RecordField<I#2,? super R#10>,RecordField<J#1,? super R#10>,Function10<A#10,B#9,C#8,D#7,E#6,F#5,G#4,H#3,I#2,J#1,R#10>)
      E#6 extends Object declared in method <A#10,B#9,C#8,D#7,E#6,F#5,G#4,H#3,I#2,J#1,R#10>create(RecordField<A#10,? super R#10>,RecordField<B#9,? super R#10>,RecordField<C#8,? super R#10>,RecordField<D#7,? super R#10>,RecordField<E#6,? super R#10>,RecordField<F#5,? super R#10>,RecordField<G#4,? super R#10>,RecordField<H#3,? super R#10>,RecordField<I#2,? super R#10>,RecordField<J#1,? super R#10>,Function10<A#10,B#9,C#8,D#7,E#6,F#5,G#4,H#3,I#2,J#1,R#10>)
      F#5 extends Object declared in method <A#10,B#9,C#8,D#7,E#6,F#5,G#4,H#3,I#2,J#1,R#10>create(RecordField<A#10,? super R#10>,RecordField<B#9,? super R#10>,RecordField<C#8,? super R#10>,RecordField<D#7,? super R#10>,RecordField<E#6,? super R#10>,RecordField<F#5,? super R#10>,RecordField<G#4,? super R#10>,RecordField<H#3,? super R#10>,RecordField<I#2,? super R#10>,RecordField<J#1,? super R#10>,Function10<A#10,B#9,C#8,D#7,E#6,F#5,G#4,H#3,I#2,J#1,R#10>)
      G#4 extends Object declared in method <A#10,B#9,C#8,D#7,E#6,F#5,G#4,H#3,I#2,J#1,R#10>create(RecordField<A#10,? super R#10>,RecordField<B#9,? super R#10>,RecordField<C#8,? super R#10>,RecordField<D#7,? super R#10>,RecordField<E#6,? super R#10>,RecordField<F#5,? super R#10>,RecordField<G#4,? super R#10>,RecordField<H#3,? super R#10>,RecordField<I#2,? super R#10>,RecordField<J#1,? super R#10>,Function10<A#10,B#9,C#8,D#7,E#6,F#5,G#4,H#3,I#2,J#1,R#10>)
      H#3 extends Object declared in method <A#10,B#9,C#8,D#7,E#6,F#5,G#4,H#3,I#2,J#1,R#10>create(RecordField<A#10,? super R#10>,RecordField<B#9,? super R#10>,RecordField<C#8,? super R#10>,RecordField<D#7,? super R#10>,RecordField<E#6,? super R#10>,RecordField<F#5,? super R#10>,RecordField<G#4,? super R#10>,RecordField<H#3,? super R#10>,RecordField<I#2,? super R#10>,RecordField<J#1,? super R#10>,Function10<A#10,B#9,C#8,D#7,E#6,F#5,G#4,H#3,I#2,J#1,R#10>)
      I#2 extends Object declared in method <A#10,B#9,C#8,D#7,E#6,F#5,G#4,H#3,I#2,J#1,R#10>create(RecordField<A#10,? super R#10>,RecordField<B#9,? super R#10>,RecordField<C#8,? super R#10>,RecordField<D#7,? super R#10>,RecordField<E#6,? super R#10>,RecordField<F#5,? super R#10>,RecordField<G#4,? super R#10>,RecordField<H#3,? super R#10>,RecordField<I#2,? super R#10>,RecordField<J#1,? super R#10>,Function10<A#10,B#9,C#8,D#7,E#6,F#5,G#4,H#3,I#2,J#1,R#10>)
      J#1 extends Object declared in method <A#10,B#9,C#8,D#7,E#6,F#5,G#4,H#3,I#2,J#1,R#10>create(RecordField<A#10,? super R#10>,RecordField<B#9,? super R#10>,RecordField<C#8,? super R#10>,RecordField<D#7,? super R#10>,RecordField<E#6,? super R#10>,RecordField<F#5,? super R#10>,RecordField<G#4,? super R#10>,RecordField<H#3,? super R#10>,RecordField<I#2,? super R#10>,RecordField<J#1,? super R#10>,Function10<A#10,B#9,C#8,D#7,E#6,F#5,G#4,H#3,I#2,J#1,R#10>)
      R#10 extends Object declared in method <A#10,B#9,C#8,D#7,E#6,F#5,G#4,H#3,I#2,J#1,R#10>create(RecordField<A#10,? super R#10>,RecordField<B#9,? super R#10>,RecordField<C#8,? super R#10>,RecordField<D#7,? super R#10>,RecordField<E#6,? super R#10>,RecordField<F#5,? super R#10>,RecordField<G#4,? super R#10>,RecordField<H#3,? super R#10>,RecordField<I#2,? super R#10>,RecordField<J#1,? super R#10>,Function10<A#10,B#9,C#8,D#7,E#6,F#5,G#4,H#3,I#2,J#1,R#10>)
      A#11 extends Object declared in method <A#11,B#10,C#9,D#8,E#7,F#6,G#5,H#4,I#3,J#2,K#1,R#11>create(RecordField<A#11,? super R#11>,RecordField<B#10,? super R#11>,RecordField<C#9,? super R#11>,RecordField<D#8,? super R#11>,RecordField<E#7,? super R#11>,RecordField<F#6,? super R#11>,RecordField<G#5,? super R#11>,RecordField<H#4,? super R#11>,RecordField<I#3,? super R#11>,RecordField<J#2,? super R#11>,RecordField<K#1,? super R#11>,Function11<A#11,B#10,C#9,D#8,E#7,F#6,G#5,H#4,I#3,J#2,K#1,R#11>)
      B#10 extends Object declared in method <A#11,B#10,C#9,D#8,E#7,F#6,G#5,H#4,I#3,J#2,K#1,R#11>create(RecordField<A#11,? super R#11>,RecordField<B#10,? super R#11>,RecordField<C#9,? super R#11>,RecordField<D#8,? super R#11>,RecordField<E#7,? super R#11>,RecordField<F#6,? super R#11>,RecordField<G#5,? super R#11>,RecordField<H#4,? super R#11>,RecordField<I#3,? super R#11>,RecordField<J#2,? super R#11>,RecordField<K#1,? super R#11>,Function11<A#11,B#10,C#9,D#8,E#7,F#6,G#5,H#4,I#3,J#2,K#1,R#11>)
      C#9 extends Object declared in method <A#11,B#10,C#9,D#8,E#7,F#6,G#5,H#4,I#3,J#2,K#1,R#11>create(RecordField<A#11,? super R#11>,RecordField<B#10,? super R#11>,RecordField<C#9,? super R#11>,RecordField<D#8,? super R#11>,RecordField<E#7,? super R#11>,RecordField<F#6,? super R#11>,RecordField<G#5,? super R#11>,RecordField<H#4,? super R#11>,RecordField<I#3,? super R#11>,RecordField<J#2,? super R#11>,RecordField<K#1,? super R#11>,Function11<A#11,B#10,C#9,D#8,E#7,F#6,G#5,H#4,I#3,J#2,K#1,R#11>)
      D#8 extends Object declared in method <A#11,B#10,C#9,D#8,E#7,F#6,G#5,H#4,I#3,J#2,K#1,R#11>create(RecordField<A#11,? super R#11>,RecordField<B#10,? super R#11>,RecordField<C#9,? super R#11>,RecordField<D#8,? super R#11>,RecordField<E#7,? super R#11>,RecordField<F#6,? super R#11>,RecordField<G#5,? super R#11>,RecordField<H#4,? super R#11>,RecordField<I#3,? super R#11>,RecordField<J#2,? super R#11>,RecordField<K#1,? super R#11>,Function11<A#11,B#10,C#9,D#8,E#7,F#6,G#5,H#4,I#3,J#2,K#1,R#11>)
      E#7 extends Object declared in method <A#11,B#10,C#9,D#8,E#7,F#6,G#5,H#4,I#3,J#2,K#1,R#11>create(RecordField<A#11,? super R#11>,RecordField<B#10,? super R#11>,RecordField<C#9,? super R#11>,RecordField<D#8,? super R#11>,RecordField<E#7,? super R#11>,RecordField<F#6,? super R#11>,RecordField<G#5,? super R#11>,RecordField<H#4,? super R#11>,RecordField<I#3,? super R#11>,RecordField<J#2,? super R#11>,RecordField<K#1,? super R#11>,Function11<A#11,B#10,C#9,D#8,E#7,F#6,G#5,H#4,I#3,J#2,K#1,R#11>)
      F#6 extends Object declared in method <A#11,B#10,C#9,D#8,E#7,F#6,G#5,H#4,I#3,J#2,K#1,R#11>create(RecordField<A#11,? super R#11>,RecordField<B#10,? super R#11>,RecordField<C#9,? super R#11>,RecordField<D#8,? super R#11>,RecordField<E#7,? super R#11>,RecordField<F#6,? super R#11>,RecordField<G#5,? super R#11>,RecordField<H#4,? super R#11>,RecordField<I#3,? super R#11>,RecordField<J#2,? super R#11>,RecordField<K#1,? super R#11>,Function11<A#11,B#10,C#9,D#8,E#7,F#6,G#5,H#4,I#3,J#2,K#1,R#11>)
      G#5 extends Object declared in method <A#11,B#10,C#9,D#8,E#7,F#6,G#5,H#4,I#3,J#2,K#1,R#11>create(RecordField<A#11,? super R#11>,RecordField<B#10,? super R#11>,RecordField<C#9,? super R#11>,RecordField<D#8,? super R#11>,RecordField<E#7,? super R#11>,RecordField<F#6,? super R#11>,RecordField<G#5,? super R#11>,RecordField<H#4,? super R#11>,RecordField<I#3,? super R#11>,RecordField<J#2,? super R#11>,RecordField<K#1,? super R#11>,Function11<A#11,B#10,C#9,D#8,E#7,F#6,G#5,H#4,I#3,J#2,K#1,R#11>)
      H#4 extends Object declared in method <A#11,B#10,C#9,D#8,E#7,F#6,G#5,H#4,I#3,J#2,K#1,R#11>create(RecordField<A#11,? super R#11>,RecordField<B#10,? super R#11>,RecordField<C#9,? super R#11>,RecordField<D#8,? super R#11>,RecordField<E#7,? super R#11>,RecordField<F#6,? super R#11>,RecordField<G#5,? super R#11>,RecordField<H#4,? super R#11>,RecordField<I#3,? super R#11>,RecordField<J#2,? super R#11>,RecordField<K#1,? super R#11>,Function11<A#11,B#10,C#9,D#8,E#7,F#6,G#5,H#4,I#3,J#2,K#1,R#11>)
      I#3 extends Object declared in method <A#11,B#10,C#9,D#8,E#7,F#6,G#5,H#4,I#3,J#2,K#1,R#11>create(RecordField<A#11,? super R#11>,RecordField<B#10,? super R#11>,RecordField<C#9,? super R#11>,RecordField<D#8,? super R#11>,RecordField<E#7,? super R#11>,RecordField<F#6,? super R#11>,RecordField<G#5,? super R#11>,RecordField<H#4,? super R#11>,RecordField<I#3,? super R#11>,RecordField<J#2,? super R#11>,RecordField<K#1,? super R#11>,Function11<A#11,B#10,C#9,D#8,E#7,F#6,G#5,H#4,I#3,J#2,K#1,R#11>)
      J#2 extends Object declared in method <A#11,B#10,C#9,D#8,E#7,F#6,G#5,H#4,I#3,J#2,K#1,R#11>create(RecordField<A#11,? super R#11>,RecordField<B#10,? super R#11>,RecordField<C#9,? super R#11>,RecordField<D#8,? super R#11>,RecordField<E#7,? super R#11>,RecordField<F#6,? super R#11>,RecordField<G#5,? super R#11>,RecordField<H#4,? super R#11>,RecordField<I#3,? super R#11>,RecordField<J#2,? super R#11>,RecordField<K#1,? super R#11>,Function11<A#11,B#10,C#9,D#8,E#7,F#6,G#5,H#4,I#3,J#2,K#1,R#11>)
      K#1 extends Object declared in method <A#11,B#10,C#9,D#8,E#7,F#6,G#5,H#4,I#3,J#2,K#1,R#11>create(RecordField<A#11,? super R#11>,RecordField<B#10,? super R#11>,RecordField<C#9,? super R#11>,RecordField<D#8,? super R#11>,RecordField<E#7,? super R#11>,RecordField<F#6,? super R#11>,RecordField<G#5,? super R#11>,RecordField<H#4,? super R#11>,RecordField<I#3,? super R#11>,RecordField<J#2,? super R#11>,RecordField<K#1,? super R#11>,Function11<A#11,B#10,C#9,D#8,E#7,F#6,G#5,H#4,I#3,J#2,K#1,R#11>)
      R#11 extends Object declared in method <A#11,B#10,C#9,D#8,E#7,F#6,G#5,H#4,I#3,J#2,K#1,R#11>create(RecordField<A#11,? super R#11>,RecordField<B#10,? super R#11>,RecordField<C#9,? super R#11>,RecordField<D#8,? super R#11>,RecordField<E#7,? super R#11>,RecordField<F#6,? super R#11>,RecordField<G#5,? super R#11>,RecordField<H#4,? super R#11>,RecordField<I#3,? super R#11>,RecordField<J#2,? super R#11>,RecordField<K#1,? super R#11>,Function11<A#11,B#10,C#9,D#8,E#7,F#6,G#5,H#4,I#3,J#2,K#1,R#11>)
      A#12 extends Object declared in method <A#12,B#11,C#10,D#9,E#8,F#7,G#6,H#5,I#4,J#3,K#2,L#1,R#12>create(RecordField<A#12,? super R#12>,RecordField<B#11,? super R#12>,RecordField<C#10,? super R#12>,RecordField<D#9,? super R#12>,RecordField<E#8,? super R#12>,RecordField<F#7,? super R#12>,RecordField<G#6,? super R#12>,RecordField<H#5,? super R#12>,RecordField<I#4,? super R#12>,RecordField<J#3,? super R#12>,RecordField<K#2,? super R#12>,RecordField<L#1,? super R#12>,Function12<A#12,B#11,C#10,D#9,E#8,F#7,G#6,H#5,I#4,J#3,K#2,L#1,R#12>)
      B#11 extends Object declared in method <A#12,B#11,C#10,D#9,E#8,F#7,G#6,H#5,I#4,J#3,K#2,L#1,R#12>create(RecordField<A#12,? super R#12>,RecordField<B#11,? super R#12>,RecordField<C#10,? super R#12>,RecordField<D#9,? super R#12>,RecordField<E#8,? super R#12>,RecordField<F#7,? super R#12>,RecordField<G#6,? super R#12>,RecordField<H#5,? super R#12>,RecordField<I#4,? super R#12>,RecordField<J#3,? super R#12>,RecordField<K#2,? super R#12>,RecordField<L#1,? super R#12>,Function12<A#12,B#11,C#10,D#9,E#8,F#7,G#6,H#5,I#4,J#3,K#2,L#1,R#12>)
      C#10 extends Object declared in method <A#12,B#11,C#10,D#9,E#8,F#7,G#6,H#5,I#4,J#3,K#2,L#1,R#12>create(RecordField<A#12,? super R#12>,RecordField<B#11,? super R#12>,RecordField<C#10,? super R#12>,RecordField<D#9,? super R#12>,RecordField<E#8,? super R#12>,RecordField<F#7,? super R#12>,RecordField<G#6,? super R#12>,RecordField<H#5,? super R#12>,RecordField<I#4,? super R#12>,RecordField<J#3,? super R#12>,RecordField<K#2,? super R#12>,RecordField<L#1,? super R#12>,Function12<A#12,B#11,C#10,D#9,E#8,F#7,G#6,H#5,I#4,J#3,K#2,L#1,R#12>)
      D#9 extends Object declared in method <A#12,B#11,C#10,D#9,E#8,F#7,G#6,H#5,I#4,J#3,K#2,L#1,R#12>create(RecordField<A#12,? super R#12>,RecordField<B#11,? super R#12>,RecordField<C#10,? super R#12>,RecordField<D#9,? super R#12>,RecordField<E#8,? super R#12>,RecordField<F#7,? super R#12>,RecordField<G#6,? super R#12>,RecordField<H#5,? super R#12>,RecordField<I#4,? super R#12>,RecordField<J#3,? super R#12>,RecordField<K#2,? super R#12>,RecordField<L#1,? super R#12>,Function12<A#12,B#11,C#10,D#9,E#8,F#7,G#6,H#5,I#4,J#3,K#2,L#1,R#12>)
      E#8 extends Object declared in method <A#12,B#11,C#10,D#9,E#8,F#7,G#6,H#5,I#4,J#3,K#2,L#1,R#12>create(RecordField<A#12,? super R#12>,RecordField<B#11,? super R#12>,RecordField<C#10,? super R#12>,RecordField<D#9,? super R#12>,RecordField<E#8,? super R#12>,RecordField<F#7,? super R#12>,RecordField<G#6,? super R#12>,RecordField<H#5,? super R#12>,RecordField<I#4,? super R#12>,RecordField<J#3,? super R#12>,RecordField<K#2,? super R#12>,RecordField<L#1,? super R#12>,Function12<A#12,B#11,C#10,D#9,E#8,F#7,G#6,H#5,I#4,J#3,K#2,L#1,R#12>)
      F#7 extends Object declared in method <A#12,B#11,C#10,D#9,E#8,F#7,G#6,H#5,I#4,J#3,K#2,L#1,R#12>create(RecordField<A#12,? super R#12>,RecordField<B#11,? super R#12>,RecordField<C#10,? super R#12>,RecordField<D#9,? super R#12>,RecordField<E#8,? super R#12>,RecordField<F#7,? super R#12>,RecordField<G#6,? super R#12>,RecordField<H#5,? super R#12>,RecordField<I#4,? super R#12>,RecordField<J#3,? super R#12>,RecordField<K#2,? super R#12>,RecordField<L#1,? super R#12>,Function12<A#12,B#11,C#10,D#9,E#8,F#7,G#6,H#5,I#4,J#3,K#2,L#1,R#12>)
      G#6 extends Object declared in method <A#12,B#11,C#10,D#9,E#8,F#7,G#6,H#5,I#4,J#3,K#2,L#1,R#12>create(RecordField<A#12,? super R#12>,RecordField<B#11,? super R#12>,RecordField<C#10,? super R#12>,RecordField<D#9,? super R#12>,RecordField<E#8,? super R#12>,RecordField<F#7,? super R#12>,RecordField<G#6,? super R#12>,RecordField<H#5,? super R#12>,RecordField<I#4,? super R#12>,RecordField<J#3,? super R#12>,RecordField<K#2,? super R#12>,RecordField<L#1,? super R#12>,Function12<A#12,B#11,C#10,D#9,E#8,F#7,G#6,H#5,I#4,J#3,K#2,L#1,R#12>)
      H#5 extends Object declared in method <A#12,B#11,C#10,D#9,E#8,F#7,G#6,H#5,I#4,J#3,K#2,L#1,R#12>create(RecordField<A#12,? super R#12>,RecordField<B#11,? super R#12>,RecordField<C#10,? super R#12>,RecordField<D#9,? super R#12>,RecordField<E#8,? super R#12>,RecordField<F#7,? super R#12>,RecordField<G#6,? super R#12>,RecordField<H#5,? super R#12>,RecordField<I#4,? super R#12>,RecordField<J#3,? super R#12>,RecordField<K#2,? super R#12>,RecordField<L#1,? super R#12>,Function12<A#12,B#11,C#10,D#9,E#8,F#7,G#6,H#5,I#4,J#3,K#2,L#1,R#12>)
      I#4 extends Object declared in method <A#12,B#11,C#10,D#9,E#8,F#7,G#6,H#5,I#4,J#3,K#2,L#1,R#12>create(RecordField<A#12,? super R#12>,RecordField<B#11,? super R#12>,RecordField<C#10,? super R#12>,RecordField<D#9,? super R#12>,RecordField<E#8,? super R#12>,RecordField<F#7,? super R#12>,RecordField<G#6,? super R#12>,RecordField<H#5,? super R#12>,RecordField<I#4,? super R#12>,RecordField<J#3,? super R#12>,RecordField<K#2,? super R#12>,RecordField<L#1,? super R#12>,Function12<A#12,B#11,C#10,D#9,E#8,F#7,G#6,H#5,I#4,J#3,K#2,L#1,R#12>)
      J#3 extends Object declared in method <A#12,B#11,C#10,D#9,E#8,F#7,G#6,H#5,I#4,J#3,K#2,L#1,R#12>create(RecordField<A#12,? super R#12>,RecordField<B#11,? super R#12>,RecordField<C#10,? super R#12>,RecordField<D#9,? super R#12>,RecordField<E#8,? super R#12>,RecordField<F#7,? super R#12>,RecordField<G#6,? super R#12>,RecordField<H#5,? super R#12>,RecordField<I#4,? super R#12>,RecordField<J#3,? super R#12>,RecordField<K#2,? super R#12>,RecordField<L#1,? super R#12>,Function12<A#12,B#11,C#10,D#9,E#8,F#7,G#6,H#5,I#4,J#3,K#2,L#1,R#12>)
      K#2 extends Object declared in method <A#12,B#11,C#10,D#9,E#8,F#7,G#6,H#5,I#4,J#3,K#2,L#1,R#12>create(RecordField<A#12,? super R#12>,RecordField<B#11,? super R#12>,RecordField<C#10,? super R#12>,RecordField<D#9,? super R#12>,RecordField<E#8,? super R#12>,RecordField<F#7,? super R#12>,RecordField<G#6,? super R#12>,RecordField<H#5,? super R#12>,RecordField<I#4,? super R#12>,RecordField<J#3,? super R#12>,RecordField<K#2,? super R#12>,RecordField<L#1,? super R#12>,Function12<A#12,B#11,C#10,D#9,E#8,F#7,G#6,H#5,I#4,J#3,K#2,L#1,R#12>)
      L#1 extends Object declared in method <A#12,B#11,C#10,D#9,E#8,F#7,G#6,H#5,I#4,J#3,K#2,L#1,R#12>create(RecordField<A#12,? super R#12>,RecordField<B#11,? super R#12>,RecordField<C#10,? super R#12>,RecordField<D#9,? super R#12>,RecordField<E#8,? super R#12>,RecordField<F#7,? super R#12>,RecordField<G#6,? super R#12>,RecordField<H#5,? super R#12>,RecordField<I#4,? super R#12>,RecordField<J#3,? super R#12>,RecordField<K#2,? super R#12>,RecordField<L#1,? super R#12>,Function12<A#12,B#11,C#10,D#9,E#8,F#7,G#6,H#5,I#4,J#3,K#2,L#1,R#12>)
      R#12 extends Object declared in method <A#12,B#11,C#10,D#9,E#8,F#7,G#6,H#5,I#4,J#3,K#2,L#1,R#12>create(RecordField<A#12,? super R#12>,RecordField<B#11,? super R#12>,RecordField<C#10,? super R#12>,RecordField<D#9,? super R#12>,RecordField<E#8,? super R#12>,RecordField<F#7,? super R#12>,RecordField<G#6,? super R#12>,RecordField<H#5,? super R#12>,RecordField<I#4,? super R#12>,RecordField<J#3,? super R#12>,RecordField<K#2,? super R#12>,RecordField<L#1,? super R#12>,Function12<A#12,B#11,C#10,D#9,E#8,F#7,G#6,H#5,I#4,J#3,K#2,L#1,R#12>)
      A#13 extends Object declared in method <A#13,B#12,C#11,D#10,E#9,F#8,G#7,H#6,I#5,J#4,K#3,L#2,M#1,R#13>create(RecordField<A#13,? super R#13>,RecordField<B#12,? super R#13>,RecordField<C#11,? super R#13>,RecordField<D#10,? super R#13>,RecordField<E#9,? super R#13>,RecordField<F#8,? super R#13>,RecordField<G#7,? super R#13>,RecordField<H#6,? super R#13>,RecordField<I#5,? super R#13>,RecordField<J#4,? super R#13>,RecordField<K#3,? super R#13>,RecordField<L#2,? super R#13>,RecordField<M#1,? super R#13>,Function13<A#13,B#12,C#11,D#10,E#9,F#8,G#7,H#6,I#5,J#4,K#3,L#2,M#1,R#13>)
      B#12 extends Object declared in method <A#13,B#12,C#11,D#10,E#9,F#8,G#7,H#6,I#5,J#4,K#3,L#2,M#1,R#13>create(RecordField<A#13,? super R#13>,RecordField<B#12,? super R#13>,RecordField<C#11,? super R#13>,RecordField<D#10,? super R#13>,RecordField<E#9,? super R#13>,RecordField<F#8,? super R#13>,RecordField<G#7,? super R#13>,RecordField<H#6,? super R#13>,RecordField<I#5,? super R#13>,RecordField<J#4,? super R#13>,RecordField<K#3,? super R#13>,RecordField<L#2,? super R#13>,RecordField<M#1,? super R#13>,Function13<A#13,B#12,C#11,D#10,E#9,F#8,G#7,H#6,I#5,J#4,K#3,L#2,M#1,R#13>)
      C#11 extends Object declared in method <A#13,B#12,C#11,D#10,E#9,F#8,G#7,H#6,I#5,J#4,K#3,L#2,M#1,R#13>create(RecordField<A#13,? super R#13>,RecordField<B#12,? super R#13>,RecordField<C#11,? super R#13>,RecordField<D#10,? super R#13>,RecordField<E#9,? super R#13>,RecordField<F#8,? super R#13>,RecordField<G#7,? super R#13>,RecordField<H#6,? super R#13>,RecordField<I#5,? super R#13>,RecordField<J#4,? super R#13>,RecordField<K#3,? super R#13>,RecordField<L#2,? super R#13>,RecordField<M#1,? super R#13>,Function13<A#13,B#12,C#11,D#10,E#9,F#8,G#7,H#6,I#5,J#4,K#3,L#2,M#1,R#13>)
      D#10 extends Object declared in method <A#13,B#12,C#11,D#10,E#9,F#8,G#7,H#6,I#5,J#4,K#3,L#2,M#1,R#13>create(RecordField<A#13,? super R#13>,RecordField<B#12,? super R#13>,RecordField<C#11,? super R#13>,RecordField<D#10,? super R#13>,RecordField<E#9,? super R#13>,RecordField<F#8,? super R#13>,RecordField<G#7,? super R#13>,RecordField<H#6,? super R#13>,RecordField<I#5,? super R#13>,RecordField<J#4,? super R#13>,RecordField<K#3,? super R#13>,RecordField<L#2,? super R#13>,RecordField<M#1,? super R#13>,Function13<A#13,B#12,C#11,D#10,E#9,F#8,G#7,H#6,I#5,J#4,K#3,L#2,M#1,R#13>)
      E#9 extends Object declared in method <A#13,B#12,C#11,D#10,E#9,F#8,G#7,H#6,I#5,J#4,K#3,L#2,M#1,R#13>create(RecordField<A#13,? super R#13>,RecordField<B#12,? super R#13>,RecordField<C#11,? super R#13>,RecordField<D#10,? super R#13>,RecordField<E#9,? super R#13>,RecordField<F#8,? super R#13>,RecordField<G#7,? super R#13>,RecordField<H#6,? super R#13>,RecordField<I#5,? super R#13>,RecordField<J#4,? super R#13>,RecordField<K#3,? super R#13>,RecordField<L#2,? super R#13>,RecordField<M#1,? super R#13>,Function13<A#13,B#12,C#11,D#10,E#9,F#8,G#7,H#6,I#5,J#4,K#3,L#2,M#1,R#13>)
      F#8 extends Object declared in method <A#13,B#12,C#11,D#10,E#9,F#8,G#7,H#6,I#5,J#4,K#3,L#2,M#1,R#13>create(RecordField<A#13,? super R#13>,RecordField<B#12,? super R#13>,RecordField<C#11,? super R#13>,RecordField<D#10,? super R#13>,RecordField<E#9,? super R#13>,RecordField<F#8,? super R#13>,RecordField<G#7,? super R#13>,RecordField<H#6,? super R#13>,RecordField<I#5,? super R#13>,RecordField<J#4,? super R#13>,RecordField<K#3,? super R#13>,RecordField<L#2,? super R#13>,RecordField<M#1,? super R#13>,Function13<A#13,B#12,C#11,D#10,E#9,F#8,G#7,H#6,I#5,J#4,K#3,L#2,M#1,R#13>)
      G#7 extends Object declared in method <A#13,B#12,C#11,D#10,E#9,F#8,G#7,H#6,I#5,J#4,K#3,L#2,M#1,R#13>create(RecordField<A#13,? super R#13>,RecordField<B#12,? super R#13>,RecordField<C#11,? super R#13>,RecordField<D#10,? super R#13>,RecordField<E#9,? super R#13>,RecordField<F#8,? super R#13>,RecordField<G#7,? super R#13>,RecordField<H#6,? super R#13>,RecordField<I#5,? super R#13>,RecordField<J#4,? super R#13>,RecordField<K#3,? super R#13>,RecordField<L#2,? super R#13>,RecordField<M#1,? super R#13>,Function13<A#13,B#12,C#11,D#10,E#9,F#8,G#7,H#6,I#5,J#4,K#3,L#2,M#1,R#13>)
      H#6 extends Object declared in method <A#13,B#12,C#11,D#10,E#9,F#8,G#7,H#6,I#5,J#4,K#3,L#2,M#1,R#13>create(RecordField<A#13,? super R#13>,RecordField<B#12,? super R#13>,RecordField<C#11,? super R#13>,RecordField<D#10,? super R#13>,RecordField<E#9,? super R#13>,RecordField<F#8,? super R#13>,RecordField<G#7,? super R#13>,RecordField<H#6,? super R#13>,RecordField<I#5,? super R#13>,RecordField<J#4,? super R#13>,RecordField<K#3,? super R#13>,RecordField<L#2,? super R#13>,RecordField<M#1,? super R#13>,Function13<A#13,B#12,C#11,D#10,E#9,F#8,G#7,H#6,I#5,J#4,K#3,L#2,M#1,R#13>)
      I#5 extends Object declared in method <A#13,B#12,C#11,D#10,E#9,F#8,G#7,H#6,I#5,J#4,K#3,L#2,M#1,R#13>create(RecordField<A#13,? super R#13>,RecordField<B#12,? super R#13>,RecordField<C#11,? super R#13>,RecordField<D#10,? super R#13>,RecordField<E#9,? super R#13>,RecordField<F#8,? super R#13>,RecordField<G#7,? super R#13>,RecordField<H#6,? super R#13>,RecordField<I#5,? super R#13>,RecordField<J#4,? super R#13>,RecordField<K#3,? super R#13>,RecordField<L#2,? super R#13>,RecordField<M#1,? super R#13>,Function13<A#13,B#12,C#11,D#10,E#9,F#8,G#7,H#6,I#5,J#4,K#3,L#2,M#1,R#13>)
      J#4 extends Object declared in method <A#13,B#12,C#11,D#10,E#9,F#8,G#7,H#6,I#5,J#4,K#3,L#2,M#1,R#13>create(RecordField<A#13,? super R#13>,RecordField<B#12,? super R#13>,RecordField<C#11,? super R#13>,RecordField<D#10,? super R#13>,RecordField<E#9,? super R#13>,RecordField<F#8,? super R#13>,RecordField<G#7,? super R#13>,RecordField<H#6,? super R#13>,RecordField<I#5,? super R#13>,RecordField<J#4,? super R#13>,RecordField<K#3,? super R#13>,RecordField<L#2,? super R#13>,RecordField<M#1,? super R#13>,Function13<A#13,B#12,C#11,D#10,E#9,F#8,G#7,H#6,I#5,J#4,K#3,L#2,M#1,R#13>)
      K#3 extends Object declared in method <A#13,B#12,C#11,D#10,E#9,F#8,G#7,H#6,I#5,J#4,K#3,L#2,M#1,R#13>create(RecordField<A#13,? super R#13>,RecordField<B#12,? super R#13>,RecordField<C#11,? super R#13>,RecordField<D#10,? super R#13>,RecordField<E#9,? super R#13>,RecordField<F#8,? super R#13>,RecordField<G#7,? super R#13>,RecordField<H#6,? super R#13>,RecordField<I#5,? super R#13>,RecordField<J#4,? super R#13>,RecordField<K#3,? super R#13>,RecordField<L#2,? super R#13>,RecordField<M#1,? super R#13>,Function13<A#13,B#12,C#11,D#10,E#9,F#8,G#7,H#6,I#5,J#4,K#3,L#2,M#1,R#13>)
      L#2 extends Object declared in method <A#13,B#12,C#11,D#10,E#9,F#8,G#7,H#6,I#5,J#4,K#3,L#2,M#1,R#13>create(RecordField<A#13,? super R#13>,RecordField<B#12,? super R#13>,RecordField<C#11,? super R#13>,RecordField<D#10,? super R#13>,RecordField<E#9,? super R#13>,RecordField<F#8,? super R#13>,RecordField<G#7,? super R#13>,RecordField<H#6,? super R#13>,RecordField<I#5,? super R#13>,RecordField<J#4,? super R#13>,RecordField<K#3,? super R#13>,RecordField<L#2,? super R#13>,RecordField<M#1,? super R#13>,Function13<A#13,B#12,C#11,D#10,E#9,F#8,G#7,H#6,I#5,J#4,K#3,L#2,M#1,R#13>)
      M#1 extends Object declared in method <A#13,B#12,C#11,D#10,E#9,F#8,G#7,H#6,I#5,J#4,K#3,L#2,M#1,R#13>create(RecordField<A#13,? super R#13>,RecordField<B#12,? super R#13>,RecordField<C#11,? super R#13>,RecordField<D#10,? super R#13>,RecordField<E#9,? super R#13>,RecordField<F#8,? super R#13>,RecordField<G#7,? super R#13>,RecordField<H#6,? super R#13>,RecordField<I#5,? super R#13>,RecordField<J#4,? super R#13>,RecordField<K#3,? super R#13>,RecordField<L#2,? super R#13>,RecordField<M#1,? super R#13>,Function13<A#13,B#12,C#11,D#10,E#9,F#8,G#7,H#6,I#5,J#4,K#3,L#2,M#1,R#13>)
      R#13 extends Object declared in method <A#13,B#12,C#11,D#10,E#9,F#8,G#7,H#6,I#5,J#4,K#3,L#2,M#1,R#13>create(RecordField<A#13,? super R#13>,RecordField<B#12,? super R#13>,RecordField<C#11,? super R#13>,RecordField<D#10,? super R#13>,RecordField<E#9,? super R#13>,RecordField<F#8,? super R#13>,RecordField<G#7,? super R#13>,RecordField<H#6,? super R#13>,RecordField<I#5,? super R#13>,RecordField<J#4,? super R#13>,RecordField<K#3,? super R#13>,RecordField<L#2,? super R#13>,RecordField<M#1,? super R#13>,Function13<A#13,B#12,C#11,D#10,E#9,F#8,G#7,H#6,I#5,J#4,K#3,L#2,M#1,R#13>)
      A#14 extends Object declared in method <A#14,B#13,C#12,D#11,E#10,F#9,G#8,H#7,I#6,J#5,K#4,L#3,M#2,N#1,R#14>create(RecordField<A#14,? super R#14>,RecordField<B#13,? super R#14>,RecordField<C#12,? super R#14>,RecordField<D#11,? super R#14>,RecordField<E#10,? super R#14>,RecordField<F#9,? super R#14>,RecordField<G#8,? super R#14>,RecordField<H#7,? super R#14>,RecordField<I#6,? super R#14>,RecordField<J#5,? super R#14>,RecordField<K#4,? super R#14>,RecordField<L#3,? super R#14>,RecordField<M#2,? super R#14>,RecordField<N#1,? super R#14>,Function14<A#14,B#13,C#12,D#11,E#10,F#9,G#8,H#7,I#6,J#5,K#4,L#3,M#2,N#1,R#14>)
      B#13 extends Object declared in method <A#14,B#13,C#12,D#11,E#10,F#9,G#8,H#7,I#6,J#5,K#4,L#3,M#2,N#1,R#14>create(RecordField<A#14,? super R#14>,RecordField<B#13,? super R#14>,RecordField<C#12,? super R#14>,RecordField<D#11,? super R#14>,RecordField<E#10,? super R#14>,RecordField<F#9,? super R#14>,RecordField<G#8,? super R#14>,RecordField<H#7,? super R#14>,RecordField<I#6,? super R#14>,RecordField<J#5,? super R#14>,RecordField<K#4,? super R#14>,RecordField<L#3,? super R#14>,RecordField<M#2,? super R#14>,RecordField<N#1,? super R#14>,Function14<A#14,B#13,C#12,D#11,E#10,F#9,G#8,H#7,I#6,J#5,K#4,L#3,M#2,N#1,R#14>)
      C#12 extends Object declared in method <A#14,B#13,C#12,D#11,E#10,F#9,G#8,H#7,I#6,J#5,K#4,L#3,M#2,N#1,R#14>create(RecordField<A#14,? super R#14>,RecordField<B#13,? super R#14>,RecordField<C#12,? super R#14>,RecordField<D#11,? super R#14>,RecordField<E#10,? super R#14>,RecordField<F#9,? super R#14>,RecordField<G#8,? super R#14>,RecordField<H#7,? super R#14>,RecordField<I#6,? super R#14>,RecordField<J#5,? super R#14>,RecordField<K#4,? super R#14>,RecordField<L#3,? super R#14>,RecordField<M#2,? super R#14>,RecordField<N#1,? super R#14>,Function14<A#14,B#13,C#12,D#11,E#10,F#9,G#8,H#7,I#6,J#5,K#4,L#3,M#2,N#1,R#14>)
      D#11 extends Object declared in method <A#14,B#13,C#12,D#11,E#10,F#9,G#8,H#7,I#6,J#5,K#4,L#3,M#2,N#1,R#14>create(RecordField<A#14,? super R#14>,RecordField<B#13,? super R#14>,RecordField<C#12,? super R#14>,RecordField<D#11,? super R#14>,RecordField<E#10,? super R#14>,RecordField<F#9,? super R#14>,RecordField<G#8,? super R#14>,RecordField<H#7,? super R#14>,RecordField<I#6,? super R#14>,RecordField<J#5,? super R#14>,RecordField<K#4,? super R#14>,RecordField<L#3,? super R#14>,RecordField<M#2,? super R#14>,RecordField<N#1,? super R#14>,Function14<A#14,B#13,C#12,D#11,E#10,F#9,G#8,H#7,I#6,J#5,K#4,L#3,M#2,N#1,R#14>)
      E#10 extends Object declared in method <A#14,B#13,C#12,D#11,E#10,F#9,G#8,H#7,I#6,J#5,K#4,L#3,M#2,N#1,R#14>create(RecordField<A#14,? super R#14>,RecordField<B#13,? super R#14>,RecordField<C#12,? super R#14>,RecordField<D#11,? super R#14>,RecordField<E#10,? super R#14>,RecordField<F#9,? super R#14>,RecordField<G#8,? super R#14>,RecordField<H#7,? super R#14>,RecordField<I#6,? super R#14>,RecordField<J#5,? super R#14>,RecordField<K#4,? super R#14>,RecordField<L#3,? super R#14>,RecordField<M#2,? super R#14>,RecordField<N#1,? super R#14>,Function14<A#14,B#13,C#12,D#11,E#10,F#9,G#8,H#7,I#6,J#5,K#4,L#3,M#2,N#1,R#14>)
      F#9 extends Object declared in method <A#14,B#13,C#12,D#11,E#10,F#9,G#8,H#7,I#6,J#5,K#4,L#3,M#2,N#1,R#14>create(RecordField<A#14,? super R#14>,RecordField<B#13,? super R#14>,RecordField<C#12,? super R#14>,RecordField<D#11,? super R#14>,RecordField<E#10,? super R#14>,RecordField<F#9,? super R#14>,RecordField<G#8,? super R#14>,RecordField<H#7,? super R#14>,RecordField<I#6,? super R#14>,RecordField<J#5,? super R#14>,RecordField<K#4,? super R#14>,RecordField<L#3,? super R#14>,RecordField<M#2,? super R#14>,RecordField<N#1,? super R#14>,Function14<A#14,B#13,C#12,D#11,E#10,F#9,G#8,H#7,I#6,J#5,K#4,L#3,M#2,N#1,R#14>)
      G#8 extends Object declared in method <A#14,B#13,C#12,D#11,E#10,F#9,G#8,H#7,I#6,J#5,K#4,L#3,M#2,N#1,R#14>create(RecordField<A#14,? super R#14>,RecordField<B#13,? super R#14>,RecordField<C#12,? super R#14>,RecordField<D#11,? super R#14>,RecordField<E#10,? super R#14>,RecordField<F#9,? super R#14>,RecordField<G#8,? super R#14>,RecordField<H#7,? super R#14>,RecordField<I#6,? super R#14>,RecordField<J#5,? super R#14>,RecordField<K#4,? super R#14>,RecordField<L#3,? super R#14>,RecordField<M#2,? super R#14>,RecordField<N#1,? super R#14>,Function14<A#14,B#13,C#12,D#11,E#10,F#9,G#8,H#7,I#6,J#5,K#4,L#3,M#2,N#1,R#14>)
      H#7 extends Object declared in method <A#14,B#13,C#12,D#11,E#10,F#9,G#8,H#7,I#6,J#5,K#4,L#3,M#2,N#1,R#14>create(RecordField<A#14,? super R#14>,RecordField<B#13,? super R#14>,RecordField<C#12,? super R#14>,RecordField<D#11,? super R#14>,RecordField<E#10,? super R#14>,RecordField<F#9,? super R#14>,RecordField<G#8,? super R#14>,RecordField<H#7,? super R#14>,RecordField<I#6,? super R#14>,RecordField<J#5,? super R#14>,RecordField<K#4,? super R#14>,RecordField<L#3,? super R#14>,RecordField<M#2,? super R#14>,RecordField<N#1,? super R#14>,Function14<A#14,B#13,C#12,D#11,E#10,F#9,G#8,H#7,I#6,J#5,K#4,L#3,M#2,N#1,R#14>)
      I#6 extends Object declared in method <A#14,B#13,C#12,D#11,E#10,F#9,G#8,H#7,I#6,J#5,K#4,L#3,M#2,N#1,R#14>create(RecordField<A#14,? super R#14>,RecordField<B#13,? super R#14>,RecordField<C#12,? super R#14>,RecordField<D#11,? super R#14>,RecordField<E#10,? super R#14>,RecordField<F#9,? super R#14>,RecordField<G#8,? super R#14>,RecordField<H#7,? super R#14>,RecordField<I#6,? super R#14>,RecordField<J#5,? super R#14>,RecordField<K#4,? super R#14>,RecordField<L#3,? super R#14>,RecordField<M#2,? super R#14>,RecordField<N#1,? super R#14>,Function14<A#14,B#13,C#12,D#11,E#10,F#9,G#8,H#7,I#6,J#5,K#4,L#3,M#2,N#1,R#14>)
      J#5 extends Object declared in method <A#14,B#13,C#12,D#11,E#10,F#9,G#8,H#7,I#6,J#5,K#4,L#3,M#2,N#1,R#14>create(RecordField<A#14,? super R#14>,RecordField<B#13,? super R#14>,RecordField<C#12,? super R#14>,RecordField<D#11,? super R#14>,RecordField<E#10,? super R#14>,RecordField<F#9,? super R#14>,RecordField<G#8,? super R#14>,RecordField<H#7,? super R#14>,RecordField<I#6,? super R#14>,RecordField<J#5,? super R#14>,RecordField<K#4,? super R#14>,RecordField<L#3,? super R#14>,RecordField<M#2,? super R#14>,RecordField<N#1,? super R#14>,Function14<A#14,B#13,C#12,D#11,E#10,F#9,G#8,H#7,I#6,J#5,K#4,L#3,M#2,N#1,R#14>)
      K#4 extends Object declared in method <A#14,B#13,C#12,D#11,E#10,F#9,G#8,H#7,I#6,J#5,K#4,L#3,M#2,N#1,R#14>create(RecordField<A#14,? super R#14>,RecordField<B#13,? super R#14>,RecordField<C#12,? super R#14>,RecordField<D#11,? super R#14>,RecordField<E#10,? super R#14>,RecordField<F#9,? super R#14>,RecordField<G#8,? super R#14>,RecordField<H#7,? super R#14>,RecordField<I#6,? super R#14>,RecordField<J#5,? super R#14>,RecordField<K#4,? super R#14>,RecordField<L#3,? super R#14>,RecordField<M#2,? super R#14>,RecordField<N#1,? super R#14>,Function14<A#14,B#13,C#12,D#11,E#10,F#9,G#8,H#7,I#6,J#5,K#4,L#3,M#2,N#1,R#14>)
      L#3 extends Object declared in method <A#14,B#13,C#12,D#11,E#10,F#9,G#8,H#7,I#6,J#5,K#4,L#3,M#2,N#1,R#14>create(RecordField<A#14,? super R#14>,RecordField<B#13,? super R#14>,RecordField<C#12,? super R#14>,RecordField<D#11,? super R#14>,RecordField<E#10,? super R#14>,RecordField<F#9,? super R#14>,RecordField<G#8,? super R#14>,RecordField<H#7,? super R#14>,RecordField<I#6,? super R#14>,RecordField<J#5,? super R#14>,RecordField<K#4,? super R#14>,RecordField<L#3,? super R#14>,RecordField<M#2,? super R#14>,RecordField<N#1,? super R#14>,Function14<A#14,B#13,C#12,D#11,E#10,F#9,G#8,H#7,I#6,J#5,K#4,L#3,M#2,N#1,R#14>)
      M#2 extends Object declared in method <A#14,B#13,C#12,D#11,E#10,F#9,G#8,H#7,I#6,J#5,K#4,L#3,M#2,N#1,R#14>create(RecordField<A#14,? super R#14>,RecordField<B#13,? super R#14>,RecordField<C#12,? super R#14>,RecordField<D#11,? super R#14>,RecordField<E#10,? super R#14>,RecordField<F#9,? super R#14>,RecordField<G#8,? super R#14>,RecordField<H#7,? super R#14>,RecordField<I#6,? super R#14>,RecordField<J#5,? super R#14>,RecordField<K#4,? super R#14>,RecordField<L#3,? super R#14>,RecordField<M#2,? super R#14>,RecordField<N#1,? super R#14>,Function14<A#14,B#13,C#12,D#11,E#10,F#9,G#8,H#7,I#6,J#5,K#4,L#3,M#2,N#1,R#14>)
      N#1 extends Object declared in method <A#14,B#13,C#12,D#11,E#10,F#9,G#8,H#7,I#6,J#5,K#4,L#3,M#2,N#1,R#14>create(RecordField<A#14,? super R#14>,RecordField<B#13,? super R#14>,RecordField<C#12,? super R#14>,RecordField<D#11,? super R#14>,RecordField<E#10,? super R#14>,RecordField<F#9,? super R#14>,RecordField<G#8,? super R#14>,RecordField<H#7,? super R#14>,RecordField<I#6,? super R#14>,RecordField<J#5,? super R#14>,RecordField<K#4,? super R#14>,RecordField<L#3,? super R#14>,RecordField<M#2,? super R#14>,RecordField<N#1,? super R#14>,Function14<A#14,B#13,C#12,D#11,E#10,F#9,G#8,H#7,I#6,J#5,K#4,L#3,M#2,N#1,R#14>)
      R#14 extends Object declared in method <A#14,B#13,C#12,D#11,E#10,F#9,G#8,H#7,I#6,J#5,K#4,L#3,M#2,N#1,R#14>create(RecordField<A#14,? super R#14>,RecordField<B#13,? super R#14>,RecordField<C#12,? super R#14>,RecordField<D#11,? super R#14>,RecordField<E#10,? super R#14>,RecordField<F#9,? super R#14>,RecordField<G#8,? super R#14>,RecordField<H#7,? super R#14>,RecordField<I#6,? super R#14>,RecordField<J#5,? super R#14>,RecordField<K#4,? super R#14>,RecordField<L#3,? super R#14>,RecordField<M#2,? super R#14>,RecordField<N#1,? super R#14>,Function14<A#14,B#13,C#12,D#11,E#10,F#9,G#8,H#7,I#6,J#5,K#4,L#3,M#2,N#1,R#14>)
      A#15 extends Object declared in method <A#15,B#14,C#13,D#12,E#11,F#10,G#9,H#8,I#7,J#6,K#5,L#4,M#3,N#2,O#1,R#15>create(RecordField<A#15,? super R#15>,RecordField<B#14,? super R#15>,RecordField<C#13,? super R#15>,RecordField<D#12,? super R#15>,RecordField<E#11,? super R#15>,RecordField<F#10,? super R#15>,RecordField<G#9,? super R#15>,RecordField<H#8,? super R#15>,RecordField<I#7,? super R#15>,RecordField<J#6,? super R#15>,RecordField<K#5,? super R#15>,RecordField<L#4,? super R#15>,RecordField<M#3,? super R#15>,RecordField<N#2,? super R#15>,RecordField<O#1,? super R#15>,Function15<A#15,B#14,C#13,D#12,E#11,F#10,G#9,H#8,I#7,J#6,K#5,L#4,M#3,N#2,O#1,R#15>)
      B#14 extends Object declared in method <A#15,B#14,C#13,D#12,E#11,F#10,G#9,H#8,I#7,J#6,K#5,L#4,M#3,N#2,O#1,R#15>create(RecordField<A#15,? super R#15>,RecordField<B#14,? super R#15>,RecordField<C#13,? super R#15>,RecordField<D#12,? super R#15>,RecordField<E#11,? super R#15>,RecordField<F#10,? super R#15>,RecordField<G#9,? super R#15>,RecordField<H#8,? super R#15>,RecordField<I#7,? super R#15>,RecordField<J#6,? super R#15>,RecordField<K#5,? super R#15>,RecordField<L#4,? super R#15>,RecordField<M#3,? super R#15>,RecordField<N#2,? super R#15>,RecordField<O#1,? super R#15>,Function15<A#15,B#14,C#13,D#12,E#11,F#10,G#9,H#8,I#7,J#6,K#5,L#4,M#3,N#2,O#1,R#15>)
      C#13 extends Object declared in method <A#15,B#14,C#13,D#12,E#11,F#10,G#9,H#8,I#7,J#6,K#5,L#4,M#3,N#2,O#1,R#15>create(RecordField<A#15,? super R#15>,RecordField<B#14,? super R#15>,RecordField<C#13,? super R#15>,RecordField<D#12,? super R#15>,RecordField<E#11,? super R#15>,RecordField<F#10,? super R#15>,RecordField<G#9,? super R#15>,RecordField<H#8,? super R#15>,RecordField<I#7,? super R#15>,RecordField<J#6,? super R#15>,RecordField<K#5,? super R#15>,RecordField<L#4,? super R#15>,RecordField<M#3,? super R#15>,RecordField<N#2,? super R#15>,RecordField<O#1,? super R#15>,Function15<A#15,B#14,C#13,D#12,E#11,F#10,G#9,H#8,I#7,J#6,K#5,L#4,M#3,N#2,O#1,R#15>)
      D#12 extends Object declared in method <A#15,B#14,C#13,D#12,E#11,F#10,G#9,H#8,I#7,J#6,K#5,L#4,M#3,N#2,O#1,R#15>create(RecordField<A#15,? super R#15>,RecordField<B#14,? super R#15>,RecordField<C#13,? super R#15>,RecordField<D#12,? super R#15>,RecordField<E#11,? super R#15>,RecordField<F#10,? super R#15>,RecordField<G#9,? super R#15>,RecordField<H#8,? super R#15>,RecordField<I#7,? super R#15>,RecordField<J#6,? super R#15>,RecordField<K#5,? super R#15>,RecordField<L#4,? super R#15>,RecordField<M#3,? super R#15>,RecordField<N#2,? super R#15>,RecordField<O#1,? super R#15>,Function15<A#15,B#14,C#13,D#12,E#11,F#10,G#9,H#8,I#7,J#6,K#5,L#4,M#3,N#2,O#1,R#15>)
      E#11 extends Object declared in method <A#15,B#14,C#13,D#12,E#11,F#10,G#9,H#8,I#7,J#6,K#5,L#4,M#3,N#2,O#1,R#15>create(RecordField<A#15,? super R#15>,RecordField<B#14,? super R#15>,RecordField<C#13,? super R#15>,RecordField<D#12,? super R#15>,RecordField<E#11,? super R#15>,RecordField<F#10,? super R#15>,RecordField<G#9,? super R#15>,RecordField<H#8,? super R#15>,RecordField<I#7,? super R#15>,RecordField<J#6,? super R#15>,RecordField<K#5,? super R#15>,RecordField<L#4,? super R#15>,RecordField<M#3,? super R#15>,RecordField<N#2,? super R#15>,RecordField<O#1,? super R#15>,Function15<A#15,B#14,C#13,D#12,E#11,F#10,G#9,H#8,I#7,J#6,K#5,L#4,M#3,N#2,O#1,R#15>)
      F#10 extends Object declared in method <A#15,B#14,C#13,D#12,E#11,F#10,G#9,H#8,I#7,J#6,K#5,L#4,M#3,N#2,O#1,R#15>create(RecordField<A#15,? super R#15>,RecordField<B#14,? super R#15>,RecordField<C#13,? super R#15>,RecordField<D#12,? super R#15>,RecordField<E#11,? super R#15>,RecordField<F#10,? super R#15>,RecordField<G#9,? super R#15>,RecordField<H#8,? super R#15>,RecordField<I#7,? super R#15>,RecordField<J#6,? super R#15>,RecordField<K#5,? super R#15>,RecordField<L#4,? super R#15>,RecordField<M#3,? super R#15>,RecordField<N#2,? super R#15>,RecordField<O#1,? super R#15>,Function15<A#15,B#14,C#13,D#12,E#11,F#10,G#9,H#8,I#7,J#6,K#5,L#4,M#3,N#2,O#1,R#15>)
      G#9 extends Object declared in method <A#15,B#14,C#13,D#12,E#11,F#10,G#9,H#8,I#7,J#6,K#5,L#4,M#3,N#2,O#1,R#15>create(RecordField<A#15,? super R#15>,RecordField<B#14,? super R#15>,RecordField<C#13,? super R#15>,RecordField<D#12,? super R#15>,RecordField<E#11,? super R#15>,RecordField<F#10,? super R#15>,RecordField<G#9,? super R#15>,RecordField<H#8,? super R#15>,RecordField<I#7,? super R#15>,RecordField<J#6,? super R#15>,RecordField<K#5,? super R#15>,RecordField<L#4,? super R#15>,RecordField<M#3,? super R#15>,RecordField<N#2,? super R#15>,RecordField<O#1,? super R#15>,Function15<A#15,B#14,C#13,D#12,E#11,F#10,G#9,H#8,I#7,J#6,K#5,L#4,M#3,N#2,O#1,R#15>)
      H#8 extends Object declared in method <A#15,B#14,C#13,D#12,E#11,F#10,G#9,H#8,I#7,J#6,K#5,L#4,M#3,N#2,O#1,R#15>create(RecordField<A#15,? super R#15>,RecordField<B#14,? super R#15>,RecordField<C#13,? super R#15>,RecordField<D#12,? super R#15>,RecordField<E#11,? super R#15>,RecordField<F#10,? super R#15>,RecordField<G#9,? super R#15>,RecordField<H#8,? super R#15>,RecordField<I#7,? super R#15>,RecordField<J#6,? super R#15>,RecordField<K#5,? super R#15>,RecordField<L#4,? super R#15>,RecordField<M#3,? super R#15>,RecordField<N#2,? super R#15>,RecordField<O#1,? super R#15>,Function15<A#15,B#14,C#13,D#12,E#11,F#10,G#9,H#8,I#7,J#6,K#5,L#4,M#3,N#2,O#1,R#15>)
      I#7 extends Object declared in method <A#15,B#14,C#13,D#12,E#11,F#10,G#9,H#8,I#7,J#6,K#5,L#4,M#3,N#2,O#1,R#15>create(RecordField<A#15,? super R#15>,RecordField<B#14,? super R#15>,RecordField<C#13,? super R#15>,RecordField<D#12,? super R#15>,RecordField<E#11,? super R#15>,RecordField<F#10,? super R#15>,RecordField<G#9,? super R#15>,RecordField<H#8,? super R#15>,RecordField<I#7,? super R#15>,RecordField<J#6,? super R#15>,RecordField<K#5,? super R#15>,RecordField<L#4,? super R#15>,RecordField<M#3,? super R#15>,RecordField<N#2,? super R#15>,RecordField<O#1,? super R#15>,Function15<A#15,B#14,C#13,D#12,E#11,F#10,G#9,H#8,I#7,J#6,K#5,L#4,M#3,N#2,O#1,R#15>)
      J#6 extends Object declared in method <A#15,B#14,C#13,D#12,E#11,F#10,G#9,H#8,I#7,J#6,K#5,L#4,M#3,N#2,O#1,R#15>create(RecordField<A#15,? super R#15>,RecordField<B#14,? super R#15>,RecordField<C#13,? super R#15>,RecordField<D#12,? super R#15>,RecordField<E#11,? super R#15>,RecordField<F#10,? super R#15>,RecordField<G#9,? super R#15>,RecordField<H#8,? super R#15>,RecordField<I#7,? super R#15>,RecordField<J#6,? super R#15>,RecordField<K#5,? super R#15>,RecordField<L#4,? super R#15>,RecordField<M#3,? super R#15>,RecordField<N#2,? super R#15>,RecordField<O#1,? super R#15>,Function15<A#15,B#14,C#13,D#12,E#11,F#10,G#9,H#8,I#7,J#6,K#5,L#4,M#3,N#2,O#1,R#15>)
      K#5 extends Object declared in method <A#15,B#14,C#13,D#12,E#11,F#10,G#9,H#8,I#7,J#6,K#5,L#4,M#3,N#2,O#1,R#15>create(RecordField<A#15,? super R#15>,RecordField<B#14,? super R#15>,RecordField<C#13,? super R#15>,RecordField<D#12,? super R#15>,RecordField<E#11,? super R#15>,RecordField<F#10,? super R#15>,RecordField<G#9,? super R#15>,RecordField<H#8,? super R#15>,RecordField<I#7,? super R#15>,RecordField<J#6,? super R#15>,RecordField<K#5,? super R#15>,RecordField<L#4,? super R#15>,RecordField<M#3,? super R#15>,RecordField<N#2,? super R#15>,RecordField<O#1,? super R#15>,Function15<A#15,B#14,C#13,D#12,E#11,F#10,G#9,H#8,I#7,J#6,K#5,L#4,M#3,N#2,O#1,R#15>)
      L#4 extends Object declared in method <A#15,B#14,C#13,D#12,E#11,F#10,G#9,H#8,I#7,J#6,K#5,L#4,M#3,N#2,O#1,R#15>create(RecordField<A#15,? super R#15>,RecordField<B#14,? super R#15>,RecordField<C#13,? super R#15>,RecordField<D#12,? super R#15>,RecordField<E#11,? super R#15>,RecordField<F#10,? super R#15>,RecordField<G#9,? super R#15>,RecordField<H#8,? super R#15>,RecordField<I#7,? super R#15>,RecordField<J#6,? super R#15>,RecordField<K#5,? super R#15>,RecordField<L#4,? super R#15>,RecordField<M#3,? super R#15>,RecordField<N#2,? super R#15>,RecordField<O#1,? super R#15>,Function15<A#15,B#14,C#13,D#12,E#11,F#10,G#9,H#8,I#7,J#6,K#5,L#4,M#3,N#2,O#1,R#15>)
      M#3 extends Object declared in method <A#15,B#14,C#13,D#12,E#11,F#10,G#9,H#8,I#7,J#6,K#5,L#4,M#3,N#2,O#1,R#15>create(RecordField<A#15,? super R#15>,RecordField<B#14,? super R#15>,RecordField<C#13,? super R#15>,RecordField<D#12,? super R#15>,RecordField<E#11,? super R#15>,RecordField<F#10,? super R#15>,RecordField<G#9,? super R#15>,RecordField<H#8,? super R#15>,RecordField<I#7,? super R#15>,RecordField<J#6,? super R#15>,RecordField<K#5,? super R#15>,RecordField<L#4,? super R#15>,RecordField<M#3,? super R#15>,RecordField<N#2,? super R#15>,RecordField<O#1,? super R#15>,Function15<A#15,B#14,C#13,D#12,E#11,F#10,G#9,H#8,I#7,J#6,K#5,L#4,M#3,N#2,O#1,R#15>)
      N#2 extends Object declared in method <A#15,B#14,C#13,D#12,E#11,F#10,G#9,H#8,I#7,J#6,K#5,L#4,M#3,N#2,O#1,R#15>create(RecordField<A#15,? super R#15>,RecordField<B#14,? super R#15>,RecordField<C#13,? super R#15>,RecordField<D#12,? super R#15>,RecordField<E#11,? super R#15>,RecordField<F#10,? super R#15>,RecordField<G#9,? super R#15>,RecordField<H#8,? super R#15>,RecordField<I#7,? super R#15>,RecordField<J#6,? super R#15>,RecordField<K#5,? super R#15>,RecordField<L#4,? super R#15>,RecordField<M#3,? super R#15>,RecordField<N#2,? super R#15>,RecordField<O#1,? super R#15>,Function15<A#15,B#14,C#13,D#12,E#11,F#10,G#9,H#8,I#7,J#6,K#5,L#4,M#3,N#2,O#1,R#15>)
      O#1 extends Object declared in method <A#15,B#14,C#13,D#12,E#11,F#10,G#9,H#8,I#7,J#6,K#5,L#4,M#3,N#2,O#1,R#15>create(RecordField<A#15,? super R#15>,RecordField<B#14,? super R#15>,RecordField<C#13,? super R#15>,RecordField<D#12,? super R#15>,RecordField<E#11,? super R#15>,RecordField<F#10,? super R#15>,RecordField<G#9,? super R#15>,RecordField<H#8,? super R#15>,RecordField<I#7,? super R#15>,RecordField<J#6,? super R#15>,RecordField<K#5,? super R#15>,RecordField<L#4,? super R#15>,RecordField<M#3,? super R#15>,RecordField<N#2,? super R#15>,RecordField<O#1,? super R#15>,Function15<A#15,B#14,C#13,D#12,E#11,F#10,G#9,H#8,I#7,J#6,K#5,L#4,M#3,N#2,O#1,R#15>)
      R#15 extends Object declared in method <A#15,B#14,C#13,D#12,E#11,F#10,G#9,H#8,I#7,J#6,K#5,L#4,M#3,N#2,O#1,R#15>create(RecordField<A#15,? super R#15>,RecordField<B#14,? super R#15>,RecordField<C#13,? super R#15>,RecordField<D#12,? super R#15>,RecordField<E#11,? super R#15>,RecordField<F#10,? super R#15>,RecordField<G#9,? super R#15>,RecordField<H#8,? super R#15>,RecordField<I#7,? super R#15>,RecordField<J#6,? super R#15>,RecordField<K#5,? super R#15>,RecordField<L#4,? super R#15>,RecordField<M#3,? super R#15>,RecordField<N#2,? super R#15>,RecordField<O#1,? super R#15>,Function15<A#15,B#14,C#13,D#12,E#11,F#10,G#9,H#8,I#7,J#6,K#5,L#4,M#3,N#2,O#1,R#15>)
      A#16 extends Object declared in method <A#16,B#15,C#14,D#13,E#12,F#11,G#10,H#9,I#8,J#7,K#6,L#5,M#4,N#3,O#2,P#5,R#16>create(RecordField<A#16,? super R#16>,RecordField<B#15,? super R#16>,RecordField<C#14,? super R#16>,RecordField<D#13,? super R#16>,RecordField<E#12,? super R#16>,RecordField<F#11,? super R#16>,RecordField<G#10,? super R#16>,RecordField<H#9,? super R#16>,RecordField<I#8,? super R#16>,RecordField<J#7,? super R#16>,RecordField<K#6,? super R#16>,RecordField<L#5,? super R#16>,RecordField<M#4,? super R#16>,RecordField<N#3,? super R#16>,RecordField<O#2,? super R#16>,RecordField<P#5,? super R#16>,Function16<A#16,B#15,C#14,D#13,E#12,F#11,G#10,H#9,I#8,J#7,K#6,L#5,M#4,N#3,O#2,P#5,R#16>)
      B#15 extends Object declared in method <A#16,B#15,C#14,D#13,E#12,F#11,G#10,H#9,I#8,J#7,K#6,L#5,M#4,N#3,O#2,P#5,R#16>create(RecordField<A#16,? super R#16>,RecordField<B#15,? super R#16>,RecordField<C#14,? super R#16>,RecordField<D#13,? super R#16>,RecordField<E#12,? super R#16>,RecordField<F#11,? super R#16>,RecordField<G#10,? super R#16>,RecordField<H#9,? super R#16>,RecordField<I#8,? super R#16>,RecordField<J#7,? super R#16>,RecordField<K#6,? super R#16>,RecordField<L#5,? super R#16>,RecordField<M#4,? super R#16>,RecordField<N#3,? super R#16>,RecordField<O#2,? super R#16>,RecordField<P#5,? super R#16>,Function16<A#16,B#15,C#14,D#13,E#12,F#11,G#10,H#9,I#8,J#7,K#6,L#5,M#4,N#3,O#2,P#5,R#16>)
      C#14 extends Object declared in method <A#16,B#15,C#14,D#13,E#12,F#11,G#10,H#9,I#8,J#7,K#6,L#5,M#4,N#3,O#2,P#5,R#16>create(RecordField<A#16,? super R#16>,RecordField<B#15,? super R#16>,RecordField<C#14,? super R#16>,RecordField<D#13,? super R#16>,RecordField<E#12,? super R#16>,RecordField<F#11,? super R#16>,RecordField<G#10,? super R#16>,RecordField<H#9,? super R#16>,RecordField<I#8,? super R#16>,RecordField<J#7,? super R#16>,RecordField<K#6,? super R#16>,RecordField<L#5,? super R#16>,RecordField<M#4,? super R#16>,RecordField<N#3,? super R#16>,RecordField<O#2,? super R#16>,RecordField<P#5,? super R#16>,Function16<A#16,B#15,C#14,D#13,E#12,F#11,G#10,H#9,I#8,J#7,K#6,L#5,M#4,N#3,O#2,P#5,R#16>)
      D#13 extends Object declared in method <A#16,B#15,C#14,D#13,E#12,F#11,G#10,H#9,I#8,J#7,K#6,L#5,M#4,N#3,O#2,P#5,R#16>create(RecordField<A#16,? super R#16>,RecordField<B#15,? super R#16>,RecordField<C#14,? super R#16>,RecordField<D#13,? super R#16>,RecordField<E#12,? super R#16>,RecordField<F#11,? super R#16>,RecordField<G#10,? super R#16>,RecordField<H#9,? super R#16>,RecordField<I#8,? super R#16>,RecordField<J#7,? super R#16>,RecordField<K#6,? super R#16>,RecordField<L#5,? super R#16>,RecordField<M#4,? super R#16>,RecordField<N#3,? super R#16>,RecordField<O#2,? super R#16>,RecordField<P#5,? super R#16>,Function16<A#16,B#15,C#14,D#13,E#12,F#11,G#10,H#9,I#8,J#7,K#6,L#5,M#4,N#3,O#2,P#5,R#16>)
      E#12 extends Object declared in method <A#16,B#15,C#14,D#13,E#12,F#11,G#10,H#9,I#8,J#7,K#6,L#5,M#4,N#3,O#2,P#5,R#16>create(RecordField<A#16,? super R#16>,RecordField<B#15,? super R#16>,RecordField<C#14,? super R#16>,RecordField<D#13,? super R#16>,RecordField<E#12,? super R#16>,RecordField<F#11,? super R#16>,RecordField<G#10,? super R#16>,RecordField<H#9,? super R#16>,RecordField<I#8,? super R#16>,RecordField<J#7,? super R#16>,RecordField<K#6,? super R#16>,RecordField<L#5,? super R#16>,RecordField<M#4,? super R#16>,RecordField<N#3,? super R#16>,RecordField<O#2,? super R#16>,RecordField<P#5,? super R#16>,Function16<A#16,B#15,C#14,D#13,E#12,F#11,G#10,H#9,I#8,J#7,K#6,L#5,M#4,N#3,O#2,P#5,R#16>)
      F#11 extends Object declared in method <A#16,B#15,C#14,D#13,E#12,F#11,G#10,H#9,I#8,J#7,K#6,L#5,M#4,N#3,O#2,P#5,R#16>create(RecordField<A#16,? super R#16>,RecordField<B#15,? super R#16>,RecordField<C#14,? super R#16>,RecordField<D#13,? super R#16>,RecordField<E#12,? super R#16>,RecordField<F#11,? super R#16>,RecordField<G#10,? super R#16>,RecordField<H#9,? super R#16>,RecordField<I#8,? super R#16>,RecordField<J#7,? super R#16>,RecordField<K#6,? super R#16>,RecordField<L#5,? super R#16>,RecordField<M#4,? super R#16>,RecordField<N#3,? super R#16>,RecordField<O#2,? super R#16>,RecordField<P#5,? super R#16>,Function16<A#16,B#15,C#14,D#13,E#12,F#11,G#10,H#9,I#8,J#7,K#6,L#5,M#4,N#3,O#2,P#5,R#16>)
      G#10 extends Object declared in method <A#16,B#15,C#14,D#13,E#12,F#11,G#10,H#9,I#8,J#7,K#6,L#5,M#4,N#3,O#2,P#5,R#16>create(RecordField<A#16,? super R#16>,RecordField<B#15,? super R#16>,RecordField<C#14,? super R#16>,RecordField<D#13,? super R#16>,RecordField<E#12,? super R#16>,RecordField<F#11,? super R#16>,RecordField<G#10,? super R#16>,RecordField<H#9,? super R#16>,RecordField<I#8,? super R#16>,RecordField<J#7,? super R#16>,RecordField<K#6,? super R#16>,RecordField<L#5,? super R#16>,RecordField<M#4,? super R#16>,RecordField<N#3,? super R#16>,RecordField<O#2,? super R#16>,RecordField<P#5,? super R#16>,Function16<A#16,B#15,C#14,D#13,E#12,F#11,G#10,H#9,I#8,J#7,K#6,L#5,M#4,N#3,O#2,P#5,R#16>)
      H#9 extends Object declared in method <A#16,B#15,C#14,D#13,E#12,F#11,G#10,H#9,I#8,J#7,K#6,L#5,M#4,N#3,O#2,P#5,R#16>create(RecordField<A#16,? super R#16>,RecordField<B#15,? super R#16>,RecordField<C#14,? super R#16>,RecordField<D#13,? super R#16>,RecordField<E#12,? super R#16>,RecordField<F#11,? super R#16>,RecordField<G#10,? super R#16>,RecordField<H#9,? super R#16>,RecordField<I#8,? super R#16>,RecordField<J#7,? super R#16>,RecordField<K#6,? super R#16>,RecordField<L#5,? super R#16>,RecordField<M#4,? super R#16>,RecordField<N#3,? super R#16>,RecordField<O#2,? super R#16>,RecordField<P#5,? super R#16>,Function16<A#16,B#15,C#14,D#13,E#12,F#11,G#10,H#9,I#8,J#7,K#6,L#5,M#4,N#3,O#2,P#5,R#16>)
      I#8 extends Object declared in method <A#16,B#15,C#14,D#13,E#12,F#11,G#10,H#9,I#8,J#7,K#6,L#5,M#4,N#3,O#2,P#5,R#16>create(RecordField<A#16,? super R#16>,RecordField<B#15,? super R#16>,RecordField<C#14,? super R#16>,RecordField<D#13,? super R#16>,RecordField<E#12,? super R#16>,RecordField<F#11,? super R#16>,RecordField<G#10,? super R#16>,RecordField<H#9,? super R#16>,RecordField<I#8,? super R#16>,RecordField<J#7,? super R#16>,RecordField<K#6,? super R#16>,RecordField<L#5,? super R#16>,RecordField<M#4,? super R#16>,RecordField<N#3,? super R#16>,RecordField<O#2,? super R#16>,RecordField<P#5,? super R#16>,Function16<A#16,B#15,C#14,D#13,E#12,F#11,G#10,H#9,I#8,J#7,K#6,L#5,M#4,N#3,O#2,P#5,R#16>)
      J#7 extends Object declared in method <A#16,B#15,C#14,D#13,E#12,F#11,G#10,H#9,I#8,J#7,K#6,L#5,M#4,N#3,O#2,P#5,R#16>create(RecordField<A#16,? super R#16>,RecordField<B#15,? super R#16>,RecordField<C#14,? super R#16>,RecordField<D#13,? super R#16>,RecordField<E#12,? super R#16>,RecordField<F#11,? super R#16>,RecordField<G#10,? super R#16>,RecordField<H#9,? super R#16>,RecordField<I#8,? super R#16>,RecordField<J#7,? super R#16>,RecordField<K#6,? super R#16>,RecordField<L#5,? super R#16>,RecordField<M#4,? super R#16>,RecordField<N#3,? super R#16>,RecordField<O#2,? super R#16>,RecordField<P#5,? super R#16>,Function16<A#16,B#15,C#14,D#13,E#12,F#11,G#10,H#9,I#8,J#7,K#6,L#5,M#4,N#3,O#2,P#5,R#16>)
      K#6 extends Object declared in method <A#16,B#15,C#14,D#13,E#12,F#11,G#10,H#9,I#8,J#7,K#6,L#5,M#4,N#3,O#2,P#5,R#16>create(RecordField<A#16,? super R#16>,RecordField<B#15,? super R#16>,RecordField<C#14,? super R#16>,RecordField<D#13,? super R#16>,RecordField<E#12,? super R#16>,RecordField<F#11,? super R#16>,RecordField<G#10,? super R#16>,RecordField<H#9,? super R#16>,RecordField<I#8,? super R#16>,RecordField<J#7,? super R#16>,RecordField<K#6,? super R#16>,RecordField<L#5,? super R#16>,RecordField<M#4,? super R#16>,RecordField<N#3,? super R#16>,RecordField<O#2,? super R#16>,RecordField<P#5,? super R#16>,Function16<A#16,B#15,C#14,D#13,E#12,F#11,G#10,H#9,I#8,J#7,K#6,L#5,M#4,N#3,O#2,P#5,R#16>)
      L#5 extends Object declared in method <A#16,B#15,C#14,D#13,E#12,F#11,G#10,H#9,I#8,J#7,K#6,L#5,M#4,N#3,O#2,P#5,R#16>create(RecordField<A#16,? super R#16>,RecordField<B#15,? super R#16>,RecordField<C#14,? super R#16>,RecordField<D#13,? super R#16>,RecordField<E#12,? super R#16>,RecordField<F#11,? super R#16>,RecordField<G#10,? super R#16>,RecordField<H#9,? super R#16>,RecordField<I#8,? super R#16>,RecordField<J#7,? super R#16>,RecordField<K#6,? super R#16>,RecordField<L#5,? super R#16>,RecordField<M#4,? super R#16>,RecordField<N#3,? super R#16>,RecordField<O#2,? super R#16>,RecordField<P#5,? super R#16>,Function16<A#16,B#15,C#14,D#13,E#12,F#11,G#10,H#9,I#8,J#7,K#6,L#5,M#4,N#3,O#2,P#5,R#16>)
      M#4 extends Object declared in method <A#16,B#15,C#14,D#13,E#12,F#11,G#10,H#9,I#8,J#7,K#6,L#5,M#4,N#3,O#2,P#5,R#16>create(RecordField<A#16,? super R#16>,RecordField<B#15,? super R#16>,RecordField<C#14,? super R#16>,RecordField<D#13,? super R#16>,RecordField<E#12,? super R#16>,RecordField<F#11,? super R#16>,RecordField<G#10,? super R#16>,RecordField<H#9,? super R#16>,RecordField<I#8,? super R#16>,RecordField<J#7,? super R#16>,RecordField<K#6,? super R#16>,RecordField<L#5,? super R#16>,RecordField<M#4,? super R#16>,RecordField<N#3,? super R#16>,RecordField<O#2,? super R#16>,RecordField<P#5,? super R#16>,Function16<A#16,B#15,C#14,D#13,E#12,F#11,G#10,H#9,I#8,J#7,K#6,L#5,M#4,N#3,O#2,P#5,R#16>)
      N#3 extends Object declared in method <A#16,B#15,C#14,D#13,E#12,F#11,G#10,H#9,I#8,J#7,K#6,L#5,M#4,N#3,O#2,P#5,R#16>create(RecordField<A#16,? super R#16>,RecordField<B#15,? super R#16>,RecordField<C#14,? super R#16>,RecordField<D#13,? super R#16>,RecordField<E#12,? super R#16>,RecordField<F#11,? super R#16>,RecordField<G#10,? super R#16>,RecordField<H#9,? super R#16>,RecordField<I#8,? super R#16>,RecordField<J#7,? super R#16>,RecordField<K#6,? super R#16>,RecordField<L#5,? super R#16>,RecordField<M#4,? super R#16>,RecordField<N#3,? super R#16>,RecordField<O#2,? super R#16>,RecordField<P#5,? super R#16>,Function16<A#16,B#15,C#14,D#13,E#12,F#11,G#10,H#9,I#8,J#7,K#6,L#5,M#4,N#3,O#2,P#5,R#16>)
      O#2 extends Object declared in method <A#16,B#15,C#14,D#13,E#12,F#11,G#10,H#9,I#8,J#7,K#6,L#5,M#4,N#3,O#2,P#5,R#16>create(RecordField<A#16,? super R#16>,RecordField<B#15,? super R#16>,RecordField<C#14,? super R#16>,RecordField<D#13,? super R#16>,RecordField<E#12,? super R#16>,RecordField<F#11,? super R#16>,RecordField<G#10,? super R#16>,RecordField<H#9,? super R#16>,RecordField<I#8,? super R#16>,RecordField<J#7,? super R#16>,RecordField<K#6,? super R#16>,RecordField<L#5,? super R#16>,RecordField<M#4,? super R#16>,RecordField<N#3,? super R#16>,RecordField<O#2,? super R#16>,RecordField<P#5,? super R#16>,Function16<A#16,B#15,C#14,D#13,E#12,F#11,G#10,H#9,I#8,J#7,K#6,L#5,M#4,N#3,O#2,P#5,R#16>)
      P#5 extends Object declared in method <A#16,B#15,C#14,D#13,E#12,F#11,G#10,H#9,I#8,J#7,K#6,L#5,M#4,N#3,O#2,P#5,R#16>create(RecordField<A#16,? super R#16>,RecordField<B#15,? super R#16>,RecordField<C#14,? super R#16>,RecordField<D#13,? super R#16>,RecordField<E#12,? super R#16>,RecordField<F#11,? super R#16>,RecordField<G#10,? super R#16>,RecordField<H#9,? super R#16>,RecordField<I#8,? super R#16>,RecordField<J#7,? super R#16>,RecordField<K#6,? super R#16>,RecordField<L#5,? super R#16>,RecordField<M#4,? super R#16>,RecordField<N#3,? super R#16>,RecordField<O#2,? super R#16>,RecordField<P#5,? super R#16>,Function16<A#16,B#15,C#14,D#13,E#12,F#11,G#10,H#9,I#8,J#7,K#6,L#5,M#4,N#3,O#2,P#5,R#16>)
      R#16 extends Object declared in method <A#16,B#15,C#14,D#13,E#12,F#11,G#10,H#9,I#8,J#7,K#6,L#5,M#4,N#3,O#2,P#5,R#16>create(RecordField<A#16,? super R#16>,RecordField<B#15,? super R#16>,RecordField<C#14,? super R#16>,RecordField<D#13,? super R#16>,RecordField<E#12,? super R#16>,RecordField<F#11,? super R#16>,RecordField<G#10,? super R#16>,RecordField<H#9,? super R#16>,RecordField<I#8,? super R#16>,RecordField<J#7,? super R#16>,RecordField<K#6,? super R#16>,RecordField<L#5,? super R#16>,RecordField<M#4,? super R#16>,RecordField<N#3,? super R#16>,RecordField<O#2,? super R#16>,RecordField<P#5,? super R#16>,Function16<A#16,B#15,C#14,D#13,E#12,F#11,G#10,H#9,I#8,J#7,K#6,L#5,M#4,N#3,O#2,P#5,R#16>)
  C:\Users\olikr\TinkersConstruct-NeoForge\src\main\java\slimeknights\tconstruct\tools\data\client\ModifierModelMapProvider.java:27: error: no suitable method found for basic(char,ModifierId,ModifierId,ModifierId,ModifierId,ModifierId,ModifierId,ModifierId,ModifierId,ModifierId,ResourceLocation,ModifierId,ModifierId,ModifierId,ModifierId,ModifierId,ModifierId,ModifierId,ModifierId,ModifierId,ModifierId)
      tool(TinkerTools.pickaxe).basic(SMALL,
                               ^
      method AbstractModifierModelMapProvider.Builder.basic(String,String,ModifierId...) is not applicable
        (argument mismatch; char cannot be converted to String)
      method AbstractModifierModelMapProvider.Builder.basic(char,ModifierId...) is not applicable
        (varargs mismatch; ResourceLocation cannot be converted to ModifierId)
  C:\Users\olikr\TinkersConstruct-NeoForge\src\main\java\slimeknights\tconstruct\tools\data\client\ModifierModelMapProvider.java:51: error: no suitable method found for basic(char,ModifierId,ModifierId,ModifierId,ModifierId,ModifierId,ModifierId,ModifierId,ModifierId,ModifierId,ResourceLocation,ModifierId,ModifierId,ModifierId,ModifierId,ModifierId,ModifierId,ModifierId,ModifierId,ModifierId,ModifierId)
      tool(TinkerTools.mattock).basic(SMALL,
                               ^
      method AbstractModifierModelMapProvider.Builder.basic(String,String,ModifierId...) is not applicable
        (argument mismatch; char cannot be converted to String)
      method AbstractModifierModelMapProvider.Builder.basic(char,ModifierId...) is not applicable
        (varargs mismatch; ResourceLocation cannot be converted to ModifierId)
  C:\Users\olikr\TinkersConstruct-NeoForge\src\main\java\slimeknights\tconstruct\tools\data\client\ModifierModelMapProvider.java:63: error: no suitable method found for basic(char,ModifierId,ModifierId,ModifierId,ModifierId,ModifierId,ModifierId,ModifierId,ModifierId,ModifierId,ResourceLocation,ModifierId,ModifierId,ModifierId,ModifierId,ModifierId,ModifierId,ModifierId,ModifierId,ModifierId,ModifierId)
      tool(TinkerTools.handAxe).basic(SMALL,
                               ^
      method AbstractModifierModelMapProvider.Builder.basic(String,String,ModifierId...) is not applicable
        (argument mismatch; char cannot be converted to String)
      method AbstractModifierModelMapProvider.Builder.basic(char,ModifierId...) is not applicable
        (varargs mismatch; ResourceLocation cannot be converted to ModifierId)
  C:\Users\olikr\TinkersConstruct-NeoForge\src\main\java\slimeknights\tconstruct\tools\data\client\ModifierModelMapProvider.java:75: error: no suitable method found for basic(char,ModifierId,ModifierId,ModifierId,ModifierId,ModifierId,ModifierId,ModifierId,ModifierId,ModifierId,ResourceLocation,ModifierId,ModifierId,ModifierId,ModifierId,ModifierId,ModifierId,ModifierId,ModifierId,ModifierId,ModifierId)
      tool(TinkerTools.kama).basic(SMALL,
                            ^
      method AbstractModifierModelMapProvider.Builder.basic(String,String,ModifierId...) is not applicable
        (argument mismatch; char cannot be converted to String)
      method AbstractModifierModelMapProvider.Builder.basic(char,ModifierId...) is not applicable
        (varargs mismatch; ResourceLocation cannot be converted to ModifierId)
  C:\Users\olikr\TinkersConstruct-NeoForge\src\main\java\slimeknights\tconstruct\tools\data\client\ModifierModelMapProvider.java:100: error: no suitable method found for basic(char,ModifierId,ModifierId,ModifierId,ModifierId,ModifierId,ModifierId,ModifierId,ModifierId,ModifierId,ResourceLocation,ModifierId,ModifierId,ModifierId,ModifierId,ModifierId,ModifierId,ModifierId,ModifierId,ModifierId,ModifierId)
      tool(TinkerTools.sword).basic(SMALL,
                             ^
      method AbstractModifierModelMapProvider.Builder.basic(String,String,ModifierId...) is not applicable
        (argument mismatch; char cannot be converted to String)
      method AbstractModifierModelMapProvider.Builder.basic(char,ModifierId...) is not applicable
        (varargs mismatch; ResourceLocation cannot be converted to ModifierId)
  C:\Users\olikr\TinkersConstruct-NeoForge\src\main\java\slimeknights\tconstruct\tools\data\client\ModifierModelMapProvider.java:121: error: no suitable method found for basic(char,ModifierId,ResourceLocation,ModifierId)
        ).basic(SMALL, ModifierIds.soulbound, TinkerModifiers.severing.getId(), ModifierIds.necrotic)
         ^
      method AbstractModifierModelMapProvider.Builder.basic(String,String,ModifierId...) is not applicable
        (argument mismatch; char cannot be converted to String)
      method AbstractModifierModelMapProvider.Builder.basic(char,ModifierId...) is not applicable
        (varargs mismatch; ResourceLocation cannot be converted to ModifierId)
  C:\Users\olikr\TinkersConstruct-NeoForge\src\main\java\slimeknights\tconstruct\tools\data\client\ModifierModelMapProvider.java:147: error: no suitable method found for basic(char,ModifierId,ResourceLocation,ModifierId)
        ).basic(SMALL, ModifierIds.soulbound, TinkerModifiers.severing.getId(), ModifierIds.necrotic)
         ^
      method AbstractModifierModelMapProvider.Builder.basic(String,String,ModifierId...) is not applicable
        (argument mismatch; char cannot be converted to String)
      method AbstractModifierModelMapProvider.Builder.basic(char,ModifierId...) is not applicable
        (varargs mismatch; ResourceLocation cannot be converted to ModifierId)
  C:\Users\olikr\TinkersConstruct-NeoForge\src\main\java\slimeknights\tconstruct\tools\data\client\ModifierModelMapProvider.java:161: error: no suitable method found for basic(char,ModifierId,ResourceLocation,ModifierId)
        ).basic(SMALL, ModifierIds.soulbound, TinkerModifiers.severing.getId(), ModifierIds.necrotic)
         ^
      method AbstractModifierModelMapProvider.Builder.basic(String,String,ModifierId...) is not applicable
        (argument mismatch; char cannot be converted to String)
      method AbstractModifierModelMapProvider.Builder.basic(char,ModifierId...) is not applicable
        (varargs mismatch; ResourceLocation cannot be converted to ModifierId)
  C:\Users\olikr\TinkersConstruct-NeoForge\src\main\java\slimeknights\tconstruct\tools\data\client\ModifierModelMapProvider.java:175: error: no suitable method found for basic(char,ModifierId,ResourceLocation,ModifierId)
        ).basic(SMALL, ModifierIds.soulbound, TinkerModifiers.severing.getId(), ModifierIds.necrotic)
         ^
      method AbstractModifierModelMapProvider.Builder.basic(String,String,ModifierId...) is not applicable
        (argument mismatch; char cannot be converted to String)
      method AbstractModifierModelMapProvider.Builder.basic(char,ModifierId...) is not applicable
        (varargs mismatch; ResourceLocation cannot be converted to ModifierId)
  C:\Users\olikr\TinkersConstruct-NeoForge\src\main\java\slimeknights\tconstruct\tools\data\client\ModifierModelMapProvider.java:190: error: no suitable method found for basic(char,ModifierId,ResourceLocation,ModifierId)
        ).basic(SMALL, ModifierIds.soulbound, TinkerModifiers.severing.getId(), ModifierIds.necrotic)
         ^
      method AbstractModifierModelMapProvider.Builder.basic(String,String,ModifierId...) is not applicable
        (argument mismatch; char cannot be converted to String)
      method AbstractModifierModelMapProvider.Builder.basic(char,ModifierId...) is not applicable
        (varargs mismatch; ResourceLocation cannot be converted to ModifierId)
  C:\Users\olikr\TinkersConstruct-NeoForge\src\main\java\slimeknights\tconstruct\tools\data\client\ModifierModelMapProvider.java:211: error: no suitable method found for basic(char,ModifierId,ModifierId,ModifierId,ModifierId,ModifierId,ModifierId,ModifierId,ModifierId,ModifierId,ResourceLocation,ModifierId,ModifierId,ModifierId,ModifierId,ModifierId,ModifierId,ModifierId,ModifierId,ModifierId,ModifierId)
      tool(TinkerTools.battlesign).basic(SMALL,
                                  ^
      method AbstractModifierModelMapProvider.Builder.basic(String,String,ModifierId...) is not applicable
        (argument mismatch; char cannot be converted to String)
      method AbstractModifierModelMapProvider.Builder.basic(char,ModifierId...) is not applicable
        (varargs mismatch; ResourceLocation cannot be converted to ModifierId)
  C:\Users\olikr\TinkersConstruct-NeoForge\src\main\java\slimeknights\tconstruct\tools\data\material\MaterialTraitsDataProvider.java:150: error: no suitable method found for addDefaultTraits(MaterialId,ModifierId,ResourceLocation)
      addDefaultTraits(MaterialIds.knightslime, ModifierIds.overwield, TinkerModifiers.overslime.getId());
      ^
      method AbstractMaterialTraitDataProvider.addDefaultTraits(MaterialId,ModifierEntry...) is not applicable
        (varargs mismatch; ModifierId cannot be converted to ModifierEntry)
      method AbstractMaterialTraitDataProvider.addDefaultTraits(MaterialId,ModifierId...) is not applicable
        (varargs mismatch; ResourceLocation cannot be converted to ModifierId)
      method AbstractMaterialTraitDataProvider.addDefaultTraits(MaterialId,LazyModifier...) is not applicable
        (varargs mismatch; ModifierId cannot be converted to LazyModifier)
  C:\Users\olikr\TinkersConstruct-NeoForge\src\main\java\slimeknights\tconstruct\tools\data\material\MaterialTraitsDataProvider.java:151: error: no suitable method found for addTraits(MaterialId,MaterialStatsId,ModifierId,ResourceLocation)
      addTraits(MaterialIds.knightslime, ARMOR, ModifierIds.overshield, TinkerModifiers.overslime.getId());
      ^
      method AbstractMaterialTraitDataProvider.addTraits(MaterialId,MaterialStatsId,ModifierEntry...) is not applicable
        (varargs mismatch; ModifierId cannot be converted to ModifierEntry)
      method AbstractMaterialTraitDataProvider.addTraits(MaterialId,MaterialStatsId,ModifierId...) is not applicable
        (varargs mismatch; ResourceLocation cannot be converted to ModifierId)
      method AbstractMaterialTraitDataProvider.addTraits(MaterialId,MaterialStatsId,LazyModifier...) is not applicable
        (varargs mismatch; ModifierId cannot be converted to LazyModifier)
  C:\Users\olikr\TinkersConstruct-NeoForge\src\main\java\slimeknights\tconstruct\tools\data\material\MaterialTraitsDataProvider.java:153: error: no suitable method found for addDefaultTraits(MaterialId,ResourceLocation,ModifierId)
      addDefaultTraits(MaterialIds.enderslimeVine, TinkerModifiers.enderporting.getId(), ModifierIds.overslimeFriend);
      ^
      method AbstractMaterialTraitDataProvider.addDefaultTraits(MaterialId,ModifierEntry...) is not applicable
        (varargs mismatch; ResourceLocation cannot be converted to ModifierEntry)
      method AbstractMaterialTraitDataProvider.addDefaultTraits(MaterialId,ModifierId...) is not applicable
        (varargs mismatch; ResourceLocation cannot be converted to ModifierId)
      method AbstractMaterialTraitDataProvider.addDefaultTraits(MaterialId,LazyModifier...) is not applicable
        (varargs mismatch; ResourceLocation cannot be converted to LazyModifier)
  C:\Users\olikr\TinkersConstruct-NeoForge\src\main\java\slimeknights\tconstruct\tools\data\material\MaterialTraitsDataProvider.java:184: error: no suitable method found for addTraits(MaterialId,MaterialStatsId,ModifierId,ResourceLocation)
      addTraits(MaterialIds.earthslime, SlimeStats.ID, ModifierIds.overgrowth, TinkerModifiers.overslime.getId());
      ^
      method AbstractMaterialTraitDataProvider.addTraits(MaterialId,MaterialStatsId,ModifierEntry...) is not applicable
        (varargs mismatch; ModifierId cannot be converted to ModifierEntry)
      method AbstractMaterialTraitDataProvider.addTraits(MaterialId,MaterialStatsId,ModifierId...) is not applicable
        (varargs mismatch; ResourceLocation cannot be converted to ModifierId)
      method AbstractMaterialTraitDataProvider.addTraits(MaterialId,MaterialStatsId,LazyModifier...) is not applicable
        (varargs mismatch; ModifierId cannot be converted to LazyModifier)
  C:\Users\olikr\TinkersConstruct-NeoForge\src\main\java\slimeknights\tconstruct\tools\data\material\MaterialTraitsDataProvider.java:185: error: no suitable method found for addTraits(MaterialId,MaterialStatsId,ModifierId,ResourceLocation,ModifierId)
      addTraits(MaterialIds.skyslime, SlimeStats.ID, ModifierIds.skyfall, TinkerModifiers.overslime.getId(), ModifierIds.overslimeFriend);
      ^
      method AbstractMaterialTraitDataProvider.addTraits(MaterialId,MaterialStatsId,ModifierEntry...) is not applicable
        (varargs mismatch; ModifierId cannot be converted to ModifierEntry)
      method AbstractMaterialTraitDataProvider.addTraits(MaterialId,MaterialStatsId,ModifierId...) is not applicable
        (varargs mismatch; ResourceLocation cannot be converted to ModifierId)
      method AbstractMaterialTraitDataProvider.addTraits(MaterialId,MaterialStatsId,LazyModifier...) is not applicable
        (varargs mismatch; ModifierId cannot be converted to LazyModifier)
  C:\Users\olikr\TinkersConstruct-NeoForge\src\main\java\slimeknights\tconstruct\tools\data\material\MaterialTraitsDataProvider.java:186: error: no suitable method found for addTraits(MaterialId,MaterialStatsId,ModifierId,ResourceLocation,ModifierId)
      addTraits(MaterialIds.ichor, SlimeStats.ID, ModifierIds.godspeed, TinkerModifiers.overslime.getId(), ModifierIds.overslimeFriend);
      ^
      method AbstractMaterialTraitDataProvider.addTraits(MaterialId,MaterialStatsId,ModifierEntry...) is not applicable
        (varargs mismatch; ModifierId cannot be converted to ModifierEntry)
      method AbstractMaterialTraitDataProvider.addTraits(MaterialId,MaterialStatsId,ModifierId...) is not applicable
        (varargs mismatch; ResourceLocation cannot be converted to ModifierId)
      method AbstractMaterialTraitDataProvider.addTraits(MaterialId,MaterialStatsId,LazyModifier...) is not applicable
        (varargs mismatch; ModifierId cannot be converted to LazyModifier)
  C:\Users\olikr\TinkersConstruct-NeoForge\src\main\java\slimeknights\tconstruct\tools\data\material\MaterialTraitsDataProvider.java:187: error: no suitable method found for addTraits(MaterialId,MaterialStatsId,ModifierId,ResourceLocation)
      addTraits(MaterialIds.enderslime, SlimeStats.ID, ModifierIds.enderdodging, TinkerModifiers.overslime.getId());
      ^
      method AbstractMaterialTraitDataProvider.addTraits(MaterialId,MaterialStatsId,ModifierEntry...) is not applicable
        (varargs mismatch; ModifierId cannot be converted to ModifierEntry)
      method AbstractMaterialTraitDataProvider.addTraits(MaterialId,MaterialStatsId,ModifierId...) is not applicable
        (varargs mismatch; ResourceLocation cannot be converted to ModifierId)
      method AbstractMaterialTraitDataProvider.addTraits(MaterialId,MaterialStatsId,LazyModifier...) is not applicable
        (varargs mismatch; ModifierId cannot be converted to LazyModifier)
  C:\Users\olikr\TinkersConstruct-NeoForge\src\main\java\slimeknights\tconstruct\tools\data\material\MaterialTraitsDataProvider.java:188: error: no suitable method found for addTraits(MaterialId,MaterialStatsId,ModifierId,ResourceLocation,ModifierId)
      addTraits(MaterialIds.magma, SlimeStats.ID, ModifierIds.fireProtection, TinkerModifiers.overslime.getId(), ModifierIds.overslimeFriend);
      ^
      method AbstractMaterialTraitDataProvider.addTraits(MaterialId,MaterialStatsId,ModifierEntry...) is not applicable
        (varargs mismatch; ModifierId cannot be converted to ModifierEntry)
      method AbstractMaterialTraitDataProvider.addTraits(MaterialId,MaterialStatsId,ModifierId...) is not applicable
        (varargs mismatch; ResourceLocation cannot be converted to ModifierId)
      method AbstractMaterialTraitDataProvider.addTraits(MaterialId,MaterialStatsId,LazyModifier...) is not applicable
        (varargs mismatch; ModifierId cannot be converted to LazyModifier)
  C:\Users\olikr\TinkersConstruct-NeoForge\src\main\java\slimeknights\tconstruct\tools\data\material\MaterialTraitsDataProvider.java:189: error: no suitable method found for addTraits(MaterialId,MaterialStatsId,ModifierId,ResourceLocation,ModifierId)
      addTraits(MaterialIds.blood, SlimeStats.ID, ModifierIds.reverted, TinkerModifiers.overslime.getId(), ModifierIds.overslimeFriend);
      ^
      method AbstractMaterialTraitDataProvider.addTraits(MaterialId,MaterialStatsId,ModifierEntry...) is not applicable
        (varargs mismatch; ModifierId cannot be converted to ModifierEntry)
      method AbstractMaterialTraitDataProvider.addTraits(MaterialId,MaterialStatsId,ModifierId...) is not applicable
        (varargs mismatch; ResourceLocation cannot be converted to ModifierId)
      method AbstractMaterialTraitDataProvider.addTraits(MaterialId,MaterialStatsId,LazyModifier...) is not applicable
        (varargs mismatch; ModifierId cannot be converted to LazyModifier)
  C:\Users\olikr\TinkersConstruct-NeoForge\src\main\java\slimeknights\tconstruct\tools\data\material\MaterialTraitsDataProvider.java:212: error: no suitable method found for addTraits(MaterialStatsId,ResourceLocation,ModifierId,ResourceLocation)
      material(MaterialIds.gold).addTraits(SkullStats.ID, TinkerModifiers.chrysophilite.getId(), ModifierIds.piglinDisguise, TinkerModifiers.golden.getId());
                                ^
      method MaterialTraitsBuilder.addTraits(MaterialStatsId,ModifierEntry...) is not applicable
        (varargs mismatch; ResourceLocation cannot be converted to ModifierEntry)
      method MaterialTraitsBuilder.addTraits(MaterialStatsId,LazyModifier...) is not applicable
        (varargs mismatch; ResourceLocation cannot be converted to LazyModifier)
      method MaterialTraitsBuilder.addTraits(MaterialStatsId,ModifierId...) is not applicable
        (varargs mismatch; ResourceLocation cannot be converted to ModifierId)
  C:\Users\olikr\TinkersConstruct-NeoForge\src\main\java\slimeknights\tconstruct\tools\data\material\MaterialTraitsDataProvider.java:213: error: no suitable method found for addTraits(MaterialStatsId,ResourceLocation,ModifierId,ResourceLocation)
      material(MaterialIds.roseGold).addTraits(SkullStats.ID, TinkerModifiers.goldGuard.getId(), ModifierIds.piglinBruteDisguise, TinkerModifiers.golden.getId());
                                    ^
      method MaterialTraitsBuilder.addTraits(MaterialStatsId,ModifierEntry...) is not applicable
        (varargs mismatch; ResourceLocation cannot be converted to ModifierEntry)
      method MaterialTraitsBuilder.addTraits(MaterialStatsId,LazyModifier...) is not applicable
        (varargs mismatch; ResourceLocation cannot be converted to LazyModifier)
      method MaterialTraitsBuilder.addTraits(MaterialStatsId,ModifierId...) is not applicable
        (varargs mismatch; ResourceLocation cannot be converted to ModifierId)
  C:\Users\olikr\TinkersConstruct-NeoForge\src\main\java\slimeknights\tconstruct\tools\data\ModifierProvider.java:497: error: no suitable method found for buildModifier(ResourceLocation)
      buildModifier(TinkerModifiers.severing.getId()).addModule(SeveringModule.INSTANCE);
      ^
      method AbstractModifierProvider.buildModifier(ModifierId,ICondition,JsonRedirect...) is not applicable
        (argument mismatch; ResourceLocation cannot be converted to ModifierId)
      method AbstractModifierProvider.buildModifier(ModifierId,JsonRedirect...) is not applicable
        (argument mismatch; ResourceLocation cannot be converted to ModifierId)
      method AbstractModifierProvider.buildModifier(DynamicModifier,ICondition,JsonRedirect...) is not applicable
        (argument mismatch; ResourceLocation cannot be converted to DynamicModifier)
      method AbstractModifierProvider.buildModifier(DynamicModifier,JsonRedirect...) is not applicable
        (argument mismatch; ResourceLocation cannot be converted to DynamicModifier)
  C:\Users\olikr\TinkersConstruct-NeoForge\src\main\java\slimeknights\tconstruct\tools\data\ModifierProvider.java:1587: error: no suitable constructor found for EffectImmunityModule(Holder<MobEffect>,LevelingInt)
        .addModule(new EffectImmunityModule(MobEffects.MOVEMENT_SLOWDOWN, LevelingInt.LEVEL))
                   ^
      constructor EffectImmunityModule.EffectImmunityModule(MobEffect,ModifierCondition<IToolStackView>) is not applicable
        (argument mismatch; Holder<MobEffect> cannot be converted to MobEffect)
      constructor EffectImmunityModule.EffectImmunityModule(MobEffect,LevelingInt) is not applicable
        (argument mismatch; Holder<MobEffect> cannot be converted to MobEffect)
      constructor EffectImmunityModule.EffectImmunityModule(Supplier<? extends MobEffect>,LevelingInt) is not applicable
        (argument mismatch; Holder<MobEffect> cannot be converted to Supplier<? extends MobEffect>)
  C:\Users\olikr\TinkersConstruct-NeoForge\src\main\java\slimeknights\tconstruct\tools\data\ModifierProvider.java:1588: error: no suitable method found for builder(Holder<MobEffect>)
        .addModule(MobEffectModule.builder(MobEffects.MOVEMENT_SLOWDOWN).damageSource(DamageSourcePredicate.tag(DamageTypeTags.IS_PROJECTILE)).time(RandomLevelingValue.flat(300)).level(RandomLevelingValue.perLevel(0, 2)).buildArmorAttack());
                                  ^
      method MobEffectModule.builder(MobEffect) is not applicable
        (argument mismatch; Holder<MobEffect> cannot be converted to MobEffect)
      method MobEffectModule.builder(Supplier<? extends MobEffect>) is not applicable
        (argument mismatch; Holder<MobEffect> cannot be converted to Supplier<? extends MobEffect>)
  C:\Users\olikr\TinkersConstruct-NeoForge\src\main\java\slimeknights\tconstruct\tools\data\ModifierProvider.java:1596: error: no suitable constructor found for EffectImmunityModule(Holder<MobEffect>,LevelingInt)
        .addModule(new EffectImmunityModule(MobEffects.WITHER, LevelingInt.LEVEL))
                   ^
      constructor EffectImmunityModule.EffectImmunityModule(MobEffect,ModifierCondition<IToolStackView>) is not applicable
        (argument mismatch; Holder<MobEffect> cannot be converted to MobEffect)
      constructor EffectImmunityModule.EffectImmunityModule(MobEffect,LevelingInt) is not applicable
        (argument mismatch; Holder<MobEffect> cannot be converted to MobEffect)
      constructor EffectImmunityModule.EffectImmunityModule(Supplier<? extends MobEffect>,LevelingInt) is not applicable
        (argument mismatch; Holder<MobEffect> cannot be converted to Supplier<? extends MobEffect>)
  C:\Users\olikr\TinkersConstruct-NeoForge\src\main\java\slimeknights\tconstruct\tools\data\ModifierProvider.java:1597: error: no suitable method found for builder(Holder<MobEffect>)
        .addModule(MobEffectModule.builder(MobEffects.WITHER).damageSource(DamageSourcePredicate.tag(TinkerTags.DamageTypes.MELEE_PROTECTION)).time(RandomLevelingValue.flat(120)).buildArmorAttack());
                                  ^
      method MobEffectModule.builder(MobEffect) is not applicable
        (argument mismatch; Holder<MobEffect> cannot be converted to MobEffect)
      method MobEffectModule.builder(Supplier<? extends MobEffect>) is not applicable
        (argument mismatch; Holder<MobEffect> cannot be converted to Supplier<? extends MobEffect>)
  C:\Users\olikr\TinkersConstruct-NeoForge\src\main\java\slimeknights\tconstruct\tools\data\ModifierProvider.java:1636: error: no suitable method found for buildModifier(ResourceLocation)
      buildModifier(TinkerModifiers.dyed.getId()).tooltipDisplay(TooltipDisplay.TINKER_STATION).levelDisplay(ModifierLevelDisplay.NO_LEVELS).addModule(DyeModule.INSTANCE);
      ^
      method AbstractModifierProvider.buildModifier(ModifierId,ICondition,JsonRedirect...) is not applicable
        (argument mismatch; ResourceLocation cannot be converted to ModifierId)
      method AbstractModifierProvider.buildModifier(ModifierId,JsonRedirect...) is not applicable
        (argument mismatch; ResourceLocation cannot be converted to ModifierId)
      method AbstractModifierProvider.buildModifier(DynamicModifier,ICondition,JsonRedirect...) is not applicable
        (argument mismatch; ResourceLocation cannot be converted to DynamicModifier)
      method AbstractModifierProvider.buildModifier(DynamicModifier,JsonRedirect...) is not applicable
        (argument mismatch; ResourceLocation cannot be converted to DynamicModifier)
  Note: Recompile with -Xlint:deprecation for details.
  C:\Users\olikr\TinkersConstruct-NeoForge\src\main\java\slimeknights\tconstruct\library\client\modifiers\IUnbakedModifierModel.java:15: warning: [dep-ann] deprecated item is not annotated with @Deprecated
  public interface IUnbakedModifierModel {
         ^
  C:\Users\olikr\TinkersConstruct-NeoForge\src\main\java\slimeknights\tconstruct\common\data\tags\ItemTagProvider.java:359: error: cannot find symbol
      addToolTags(TinkerTools.warPick,    MULTIPART_TOOL, DURABILITY, ANCIENT_TOOLS, TRADER_TOOLS, HARVEST_PRIMARY, STONE_HARVEST, MELEE_WEAPON, HELD, AOE, CLUSTER_MAX_HARVESTABLES, CROSSBOWS, BONUS_SLOTS, ItemTags.PICKAXES, Tags.Items.TOOLS_CROSSBOWS);
                                                                                                                                                                                                                                           ^
    symbol:   variable TOOLS_CROSSBOWS
    location: class Items
  C:\Users\olikr\TinkersConstruct-NeoForge\src\main\java\slimeknights\tconstruct\common\data\tags\ItemTagProvider.java:360: error: cannot find symbol
      addToolTags(TinkerTools.battlesign, MULTIPART_TOOL, DURABILITY, ANCIENT_TOOLS, TRADER_TOOLS, MELEE_PRIMARY, SHIELDS, BONUS_SLOTS, Tags.Items.TOOLS_SHIELDS);
                                                                                                                                                  ^
    symbol:   variable TOOLS_SHIELDS
    location: class Items
  C:\Users\olikr\TinkersConstruct-NeoForge\src\main\java\slimeknights\tconstruct\common\data\tags\ItemTagProvider.java:371: error: cannot find symbol
      addToolTags(TinkerTools.travelersShield, DURABILITY, BONUS_SLOTS, SHIELDS, INTERACTABLE_LEFT, Tags.Items.TOOLS_SHIELDS, SINGLEPART_TOOL, UNRECYCLABLE, DYEABLE);
                                                                                                              ^
    symbol:   variable TOOLS_SHIELDS
    location: class Items
  C:\Users\olikr\TinkersConstruct-NeoForge\src\main\java\slimeknights\tconstruct\common\data\tags\ItemTagProvider.java:372: error: cannot find symbol
      addToolTags(TinkerTools.plateShield,     DURABILITY, BONUS_SLOTS, SHIELDS, INTERACTABLE_LEFT, Tags.Items.TOOLS_SHIELDS, SINGLEPART_TOOL, UNRECYCLABLE, BANNER);
                                                                                                              ^
    symbol:   variable TOOLS_SHIELDS
    location: class Items
  C:\Users\olikr\TinkersConstruct-NeoForge\src\main\java\slimeknights\tconstruct\library\client\armor\texture\DyedArmorTextureSupplier.java:26: error: cannot find symbol
      Loadables.RESOURCE_LOCATION.requiredField("prefix", s -> s.prefix),
                                                                ^
    symbol:   variable prefix
    location: variable s of type Object
  C:\Users\olikr\TinkersConstruct-NeoForge\src\main\java\slimeknights\tconstruct\library\client\armor\texture\DyedArmorTextureSupplier.java:27: error: cannot find symbol
      ModifierId.PARSER.defaultField("modifier", DEFAULT_DYED_MODIFIER, s -> s.modifier),
                                                                              ^
    symbol:   variable modifier
    location: variable s of type Object
  C:\Users\olikr\TinkersConstruct-NeoForge\src\main\java\slimeknights\tconstruct\library\client\armor\texture\DyedArmorTextureSupplier.java:28: error: cannot find symbol
      StringLoadable.DEFAULT.defaultField("suffix", "", s -> s.suffix),
                                                              ^
    symbol:   variable suffix
    location: variable s of type Object
  C:\Users\olikr\TinkersConstruct-NeoForge\src\main\java\slimeknights\tconstruct\library\client\armor\texture\DyedArmorTextureSupplier.java:29: error: cannot find symbol
    ModifierId.PARSER.defaultField("modifier", DEFAULT_DYED_MODIFIER, s -> s.modifier),
                                                                            ^
    symbol:   variable modifier
    location: variable s of type Object
  C:\Users\olikr\TinkersConstruct-NeoForge\src\main\java\slimeknights\tconstruct\library\client\armor\texture\DyedArmorTextureSupplier.java:30: error: cannot find symbol
      ColorLoadable.NO_ALPHA.nullableField("default_color", s -> s.alwaysRender ? s.defaultColor : null),
                                                                  ^
    symbol:   variable alwaysRender
    location: variable s of type Object
  C:\Users\olikr\TinkersConstruct-NeoForge\src\main\java\slimeknights\tconstruct\library\client\armor\texture\DyedArmorTextureSupplier.java:30: error: cannot find symbol
      ColorLoadable.NO_ALPHA.nullableField("default_color", s -> s.alwaysRender ? s.defaultColor : null),
                                                                                   ^
    symbol:   variable defaultColor
    location: variable s of type Object
  C:\Users\olikr\TinkersConstruct-NeoForge\src\main\java\slimeknights\tconstruct\library\client\armor\texture\DyedArmorTextureSupplier.java:31: error: cannot find symbol
      IntLoadable.range(0, 15).defaultField("luminosity", 0, false, s -> s.luminosity),
                                                                          ^
    symbol:   variable luminosity
    location: variable s of type Object
  C:\Users\olikr\TinkersConstruct-NeoForge\src\main\java\slimeknights\tconstruct\shared\TinkerEffects.java:63: error: cannot find symbol
    public static final DeferredHolder<MobEffect, TinkerEffect> pierce = MOB_EFFECTS.register("pierce", () -> new NoMilkEffect(MobEffectCategory.HARMFUL, 0xD1D37A, true).addAttributeModifier(Attributes.ARMOR, TConstruct.getResource("effect.pierce"), -1, Operation.ADD_VALUE));
                                                                                                                  ^
    symbol:   class NoMilkEffect
    location: class TinkerEffects
  C:\Users\olikr\TinkersConstruct-NeoForge\src\main\java\slimeknights\tconstruct\tools\data\material\MaterialRecipeProvider.java:140: error: cannot find symbol
      materialRecipe(consumer, MaterialIds.turtle,     Ingredient.of(Items.SCUTE),                 1, 1, folder + "turtle_scute");
                                                                          ^
    symbol:   variable SCUTE
    location: class Items
  C:\Users\olikr\TinkersConstruct-NeoForge\src\main\java\slimeknights\tconstruct\tools\data\ModifierProvider.java:501: error: cannot find symbol
      EnchantmentModule CONSTANT_FORTUNE = EnchantmentModule.builder(Enchantments.BLOCK_FORTUNE).toolItem(harvest).constant();
                                                                                 ^
    symbol:   variable BLOCK_FORTUNE
    location: class Enchantments
  C:\Users\olikr\TinkersConstruct-NeoForge\src\main\java\slimeknights\tconstruct\tools\data\ModifierProvider.java:504: error: cannot find symbol
      EnchantmentModule ARMOR_FORTUNE = EnchantmentModule.builder(Enchantments.BLOCK_FORTUNE).toolItem(armor).armorHarvest(ARMOR_SLOTS);
                                                                              ^
    symbol:   variable BLOCK_FORTUNE
    location: class Enchantments
  C:\Users\olikr\TinkersConstruct-NeoForge\src\main\java\slimeknights\tconstruct\tools\data\ModifierProvider.java:518: error: cannot find symbol
        .addModule(EnchantmentModule.builder(Enchantments.BLOCK_FORTUNE).level(LevelingInt.ONE).toolItem(harvest).constant())
                                                         ^
    symbol:   variable BLOCK_FORTUNE
    location: class Enchantments
  C:\Users\olikr\TinkersConstruct-NeoForge\src\main\java\slimeknights\tconstruct\tools\data\ModifierProvider.java:741: error: cannot find symbol
        .addModule(AttributeModule.builder(ForgeMod.SWIM_SPEED.get(), Operation.MULTIPLY_TOTAL).eachLevel(0.1f))
                                                                               ^
    symbol:   variable MULTIPLY_TOTAL
    location: class Operation
  C:\Users\olikr\TinkersConstruct-NeoForge\src\main\java\slimeknights\tconstruct\tools\data\ModifierProvider.java:750: error: cannot find symbol
        .addModule(AttributeModule.builder(TinkerAttributes.CRITICAL_DAMAGE, Operation.ADDITION).tooltipStyle(TooltipStyle.PERCENT).eachLevel(0.1f))
                                                                                      ^
    symbol:   variable ADDITION
    location: class Operation
  C:\Users\olikr\TinkersConstruct-NeoForge\src\main\java\slimeknights\tconstruct\tools\data\ModifierProvider.java:751: error: cannot find symbol
        .addModule(AttributeModule.builder(TinkerAttributes.SAFE_FALL_DISTANCE, Operation.ADDITION).eachLevel(2));
                                                                                         ^
    symbol:   variable ADDITION
    location: class Operation
  C:\Users\olikr\TinkersConstruct-NeoForge\src\main\java\slimeknights\tconstruct\tools\data\ModifierProvider.java:1116: error: cannot find symbol
        .addModule(AttributeModule.builder(Attributes.MOVEMENT_SPEED, Operation.MULTIPLY_TOTAL).slots(armorMainHand).eachLevel(0.15f))
                                                                               ^
    symbol:   variable MULTIPLY_TOTAL
    location: class Operation
  C:\Users\olikr\TinkersConstruct-NeoForge\src\main\java\slimeknights\tconstruct\tools\data\ModifierProvider.java:1257: error: cannot find symbol
        .addModule(AttributeModule.builder(Attributes.ATTACK_SPEED, Operation.MULTIPLY_TOTAL).tooltipStyle(TooltipStyle.PERCENT).eachLevel(0.05f))
                                                                             ^
    symbol:   variable MULTIPLY_TOTAL
    location: class Operation
  C:\Users\olikr\TinkersConstruct-NeoForge\src\main\java\slimeknights\tconstruct\tools\data\ModifierProvider.java:1258: error: cannot find symbol
        .addModule(AttributeModule.builder(TinkerAttributes.MINING_SPEED_MULTIPLIER, Operation.MULTIPLY_TOTAL).tooltipStyle(TooltipStyle.PERCENT).eachLevel(0.15f));
                                                                                              ^
    symbol:   variable MULTIPLY_TOTAL
    location: class Operation
  C:\Users\olikr\TinkersConstruct-NeoForge\src\main\java\slimeknights\tconstruct\gadgets\item\PiggyBackPackItem.java:203: error: getSprite(ResourceLocation) has protected access in TextureAtlasHolder
            graphics.blit(x, y, 0, 18, 18, mc.getMobEffectTextures().getSprite(ICONS[amplifier]));
                                                                    ^
  C:\Users\olikr\TinkersConstruct-NeoForge\src\main\java\slimeknights\tconstruct\library\client\modifiers\model\BannerModifierModel.java:49: error: SHIELD_MATERIALS has private access in Sheets
        for (ResourceKey<BannerPattern> key : Sheets.SHIELD_MATERIALS.keySet()) {
                                                    ^
  C:\Users\olikr\TinkersConstruct-NeoForge\src\main\java\slimeknights\tconstruct\library\data\AbstractModifierModelMapProvider.java:65: error: ResourceLocation(String,String) has private access in ResourceLocation
      return ModifierModel.blockAtlas(new ResourceLocation(modId, texture));
                                      ^
  C:\Users\olikr\TinkersConstruct-NeoForge\src\main\java\slimeknights\tconstruct\library\data\AbstractModifierModelMapProvider.java:100: error: ResourceLocation(String,String) has private access in ResourceLocation
      return tool(new ResourceLocation(modId, tool));
                  ^
  C:\Users\olikr\TinkersConstruct-NeoForge\src\main\java\slimeknights\tconstruct\tools\client\ShieldBannerModifierSpriteSource.java:68: error: SHIELD_MATERIALS has private access in Sheets
      for (Entry<ResourceKey<BannerPattern>, Material> entry : Sheets.SHIELD_MATERIALS.entrySet()) {
                                                                     ^
  Note: Recompile with -Xlint:unchecked for details.
  Note: Some input files use or override a deprecated API.
  C:\Users\olikr\TinkersConstruct-NeoForge\src\main\java\slimeknights\tconstruct\library\client\model\tools\ToolModel.java:508: error: method does not override or implement a method from a supertype
    @Override
    ^
  C:\Users\olikr\TinkersConstruct-NeoForge\src\main\java\slimeknights\tconstruct\tools\client\ShieldBannerModifierSpriteSource.java:93: error: method does not override or implement a method from a supertype
      @Override
      ^
  C:\Users\olikr\TinkersConstruct-NeoForge\src\main\java\slimeknights\tconstruct\library\fluid\FluidTankBase.java:29: warning: [removal] isFluidEqual(FluidStack) in FluidStack has been deprecated and marked for removal
        if (!fluid.isFluidEqual(resource)) {
                  ^
  C:\Users\olikr\TinkersConstruct-NeoForge\src\main\java\slimeknights\tconstruct\library\fluid\FluidTankBase.java:42: warning: [removal] isFluidEqual(FluidStack) in FluidStack has been deprecated and marked for removal
      if (!fluid.isFluidEqual(resource)) {
                ^
  C:\Users\olikr\TinkersConstruct-NeoForge\src\main\java\slimeknights\tconstruct\TConstruct.java:94: warning: [removal] bus() in EventBusSubscriber has been deprecated and marked for removal
  @EventBusSubscriber(modid = TConstruct.MOD_ID, bus = EventBusSubscriber.Bus.MOD)
                                                 ^
  C:\Users\olikr\TinkersConstruct-NeoForge\src\main\java\slimeknights\tconstruct\TConstruct.java:94: warning: [removal] Bus in EventBusSubscriber has been deprecated and marked for removal
  @EventBusSubscriber(modid = TConstruct.MOD_ID, bus = EventBusSubscriber.Bus.MOD)
                                                                         ^
  C:\Users\olikr\TinkersConstruct-NeoForge\src\main\java\slimeknights\tconstruct\common\data\tags\FluidTagProvider.java:229: warning: [removal] SOUP_TOOLTIPS in Fluids has been deprecated and marked for removal
      this.tag(MantleTags.Fluids.SOUP).addTag(TinkerFluids.meatSoup.getTag()).addOptionalTag(TinkerTags.Fluids.SOUP_TOOLTIPS.location());
                                                                                                              ^
  C:\Users\olikr\TinkersConstruct-NeoForge\src\main\java\slimeknights\tconstruct\library\data\AbstractTagProvider.java:190: warning: [removal] removeElement(ResourceLocation,String) in ITagBuilderExtension has been deprecated and marked for removal
        internalBuilder.removeElement(location, modID);
                       ^
  C:\Users\olikr\TinkersConstruct-NeoForge\src\main\java\slimeknights\tconstruct\library\data\AbstractTagProvider.java:213: warning: [removal] removeTag(ResourceLocation,String) in ITagBuilderExtension has been deprecated and marked for removal
        internalBuilder.removeTag(tag.location(), modID);
                       ^
  C:\Users\olikr\TinkersConstruct-NeoForge\src\main\java\slimeknights\tconstruct\common\Sounds.java:20: warning: [removal] bus() in EventBusSubscriber has been deprecated and marked for removal
  @EventBusSubscriber(modid = TConstruct.MOD_ID, bus = EventBusSubscriber.Bus.MOD)
                                                 ^
  C:\Users\olikr\TinkersConstruct-NeoForge\src\main\java\slimeknights\tconstruct\common\Sounds.java:20: warning: [removal] Bus in EventBusSubscriber has been deprecated and marked for removal
  @EventBusSubscriber(modid = TConstruct.MOD_ID, bus = EventBusSubscriber.Bus.MOD)
                                                                         ^
  C:\Users\olikr\TinkersConstruct-NeoForge\src\main\java\slimeknights\tconstruct\common\TinkerEffect.java:39: warning: [removal] initializeClient(Consumer<IClientMobEffectExtensions>) in MobEffect has been deprecated and marked for removal
    public void initializeClient(Consumer<IClientMobEffectExtensions> consumer) {
                ^
  C:\Users\olikr\TinkersConstruct-NeoForge\src\main\java\slimeknights\tconstruct\fluids\FluidClientEvents.java:19: warning: [removal] bus() in EventBusSubscriber has been deprecated and marked for removal
  @EventBusSubscriber(modid = TConstruct.MOD_ID, value = Dist.CLIENT, bus = Bus.MOD)
                                                                      ^
  C:\Users\olikr\TinkersConstruct-NeoForge\src\main\java\slimeknights\tconstruct\fluids\FluidClientEvents.java:19: warning: [removal] Bus in EventBusSubscriber has been deprecated and marked for removal
  @EventBusSubscriber(modid = TConstruct.MOD_ID, value = Dist.CLIENT, bus = Bus.MOD)
                                                                            ^
  C:\Users\olikr\TinkersConstruct-NeoForge\src\main\java\slimeknights\tconstruct\fluids\FluidEvents.java:20: warning: [removal] bus() in EventBusSubscriber has been deprecated and marked for removal
  @EventBusSubscriber(modid = TConstruct.MOD_ID, bus = Bus.GAME)
                                                 ^
  C:\Users\olikr\TinkersConstruct-NeoForge\src\main\java\slimeknights\tconstruct\fluids\FluidEvents.java:20: warning: [removal] Bus in EventBusSubscriber has been deprecated and marked for removal
  @EventBusSubscriber(modid = TConstruct.MOD_ID, bus = Bus.GAME)
                                                       ^
  C:\Users\olikr\TinkersConstruct-NeoForge\src\main\java\slimeknights\tconstruct\fluids\fluids\PotionFluidType.java:63: warning: [removal] initializeClient(Consumer<IClientFluidTypeExtensions>) in FluidType has been deprecated and marked for removal
    public void initializeClient(Consumer<IClientFluidTypeExtensions> consumer) {
                ^
  C:\Users\olikr\TinkersConstruct-NeoForge\src\main\java\slimeknights\tconstruct\gadgets\GadgetClientEvents.java:20: warning: [removal] bus() in EventBusSubscriber has been deprecated and marked for removal
  @EventBusSubscriber(modid=TConstruct.MOD_ID, value=Dist.CLIENT, bus=Bus.MOD)
                                                                  ^
  C:\Users\olikr\TinkersConstruct-NeoForge\src\main\java\slimeknights\tconstruct\gadgets\GadgetClientEvents.java:20: warning: [removal] Bus in EventBusSubscriber has been deprecated and marked for removal
  @EventBusSubscriber(modid=TConstruct.MOD_ID, value=Dist.CLIENT, bus=Bus.MOD)
                                                                      ^
  C:\Users\olikr\TinkersConstruct-NeoForge\src\main\java\slimeknights\tconstruct\library\client\book\content\AbstractMaterialContent.java:336: warning: [removal] getDisplayName() in FluidStack has been deprecated and marked for removal
          Component.translatable(CAST_FROM, firstFluid.getDisplayName()).withStyle(ChatFormatting.GRAY)
                                                      ^
  C:\Users\olikr\TinkersConstruct-NeoForge\src\main\java\slimeknights\tconstruct\library\client\book\content\AbstractMaterialContent.java:358: warning: [removal] getDisplayName() in FluidStack has been deprecated and marked for removal
              Component.translatable(COMPOSITE_FROM, firstFluid.getDisplayName(), MaterialTooltipCache.getDisplayName(inputId)).withStyle(ChatFormatting.GRAY)
                                                               ^
  C:\Users\olikr\TinkersConstruct-NeoForge\src\main\java\slimeknights\tconstruct\library\fluid\SimpleFluidTank.java:85: warning: [removal] isFluidEqual(FluidStack) in FluidStack has been deprecated and marked for removal
      if (!fluid.isFluidEqual(resource)) {
                ^
  C:\Users\olikr\TinkersConstruct-NeoForge\src\main\java\slimeknights\tconstruct\library\fluid\SimpleFluidTank.java:122: warning: [removal] isFluidEqual(FluidStack) in FluidStack has been deprecated and marked for removal
      if (fluid.isEmpty() || !fluid.isFluidEqual(resource)) {
                                   ^
  C:\Users\olikr\TinkersConstruct-NeoForge\src\main\java\slimeknights\tconstruct\library\modifiers\hook\armor\ProtectionModifierHook.java:42: warning: [removal] PROTECTION_CAP in TinkerDataKeys has been deprecated and marked for removal
      float extra = data != null ? data.get(TinkerDataKeys.PROTECTION_CAP, 0f) : 0f;
                                                          ^
  C:\Users\olikr\TinkersConstruct-NeoForge\src\main\java\slimeknights\tconstruct\library\modifiers\hook\armor\ProtectionModifierHook.java:48: warning: [removal] PROTECTION_CAP in TinkerDataKeys has been deprecated and marked for removal
      float extra = data != null ? data.get(TinkerDataKeys.PROTECTION_CAP, 0f) : 0f;
                                                          ^
  C:\Users\olikr\TinkersConstruct-NeoForge\src\main\java\slimeknights\tconstruct\library\tools\capability\fluid\TankModule.java:71: warning: [removal] getDisplayName() in FluidStack has been deprecated and marked for removal
        return fluid.getDisplayName().copy()
                    ^
  C:\Users\olikr\TinkersConstruct-NeoForge\src\main\java\slimeknights\tconstruct\library\tools\capability\fluid\TankModule.java:126: warning: [removal] isFluidEqual(FluidStack) in FluidStack has been deprecated and marked for removal
        if (current.getAmount() < capacity && current.isFluidEqual(resource)) {
                                                     ^
  C:\Users\olikr\TinkersConstruct-NeoForge\src\main\java\slimeknights\tconstruct\library\tools\capability\fluid\TankModule.java:144: warning: [removal] isFluidEqual(FluidStack) in FluidStack has been deprecated and marked for removal
        if (!current.isEmpty() && current.isFluidEqual(resource)) {
                                         ^
  C:\Users\olikr\TinkersConstruct-NeoForge\src\main\java\slimeknights\tconstruct\library\tools\item\ranged\ModifiableCrossbowItem.java:121: warning: [removal] initializeClient(Consumer<IClientItemExtensions>) in Item has been deprecated and marked for removal
    public void initializeClient(Consumer<IClientItemExtensions> consumer) {
                ^
  C:\Users\olikr\TinkersConstruct-NeoForge\src\main\java\slimeknights\tconstruct\plugin\jei\AlloyRecipeCategory.java:62: warning: [removal] getBackground() in IRecipeCategory has been deprecated and marked for removal
    @Getter
    ^
  C:\Users\olikr\TinkersConstruct-NeoForge\src\main\java\slimeknights\tconstruct\plugin\jei\AlloyRecipeCategory.java:112: warning: [removal] IRecipeSlotTooltipCallback in mezz.jei.api.gui.ingredient has been deprecated and marked for removal
    public static <T> int drawVariableFluids(IRecipeLayoutBuilder builder, RecipeIngredientRole role, int x, int y, int totalWidth, int height, List<T> fluids, int minAmount, Function<T,List<FluidStack>> mapper, Function<T,IRecipeSlotTooltipCallback> tooltip) {
                                                                                                                                                                                                                               ^
  C:\Users\olikr\TinkersConstruct-NeoForge\src\main\java\slimeknights\tconstruct\plugin\jei\AlloyRecipeCategory.java:131: warning: [removal] addTooltipCallback(IRecipeSlotTooltipCallback) in IRecipeSlotBuilder has been deprecated and marked for removal
                 .addTooltipCallback(tooltip.apply(ingredient))
                 ^
  C:\Users\olikr\TinkersConstruct-NeoForge\src\main\java\slimeknights\tconstruct\plugin\jei\AlloyRecipeCategory.java:139: warning: [removal] addTooltipCallback(IRecipeSlotTooltipCallback) in IRecipeSlotBuilder has been deprecated and marked for removal
               .addTooltipCallback(tooltip.apply(ingredient))
               ^
  C:\Users\olikr\TinkersConstruct-NeoForge\src\main\java\slimeknights\tconstruct\plugin\jei\AlloyRecipeCategory.java:156: warning: [removal] addTooltipCallback(IRecipeSlotTooltipCallback) in IRecipeSlotBuilder has been deprecated and marked for removal
             .addTooltipCallback(FluidTooltipCallback.UNITS)
             ^
  C:\Users\olikr\TinkersConstruct-NeoForge\src\main\java\slimeknights\tconstruct\plugin\jei\AlloyRecipeCategory.java:162: warning: [removal] addTooltipCallback(IRecipeSlotTooltipCallback) in IRecipeSlotBuilder has been deprecated and marked for removal
             .addTooltipCallback(FUEL_TOOLTIP)
             ^
  C:\Users\olikr\TinkersConstruct-NeoForge\src\main\java\slimeknights\tconstruct\plugin\jei\util\FluidTooltipCallback.java:17: warning: [removal] IRecipeSlotTooltipCallback in mezz.jei.api.gui.ingredient has been deprecated and marked for removal
  public interface FluidTooltipCallback extends IRecipeSlotTooltipCallback {
                                                ^
  C:\Users\olikr\TinkersConstruct-NeoForge\src\main\java\slimeknights\tconstruct\plugin\jei\util\FluidTooltipCallback.java:27: warning: [removal] onTooltip(IRecipeSlotView,List<Component>) in IRecipeSlotTooltipCallback has been deprecated and marked for removal
    default void onTooltip(IRecipeSlotView recipeSlotView, List<Component> tooltip) {
                 ^
  C:\Users\olikr\TinkersConstruct-NeoForge\src\main\java\slimeknights\tconstruct\plugin\jei\casting\AbstractCastingCategory.java:86: warning: [removal] getTooltipStrings(T,IRecipeSlotsView,double,double) in IRecipeCategory has been deprecated and marked for removal
    public List<Component> getTooltipStrings(IDisplayableCastingRecipe recipe, IRecipeSlotsView recipeSlotsView, double mouseX, double mouseY) {
                           ^
    where T is a type-variable:
      T extends Object declared in interface IRecipeCategory
  C:\Users\olikr\TinkersConstruct-NeoForge\src\main\java\slimeknights\tconstruct\plugin\jei\casting\AbstractCastingCategory.java:45: warning: [removal] getBackground() in IRecipeCategory has been deprecated and marked for removal
    @Getter
    ^
  C:\Users\olikr\TinkersConstruct-NeoForge\src\main\java\slimeknights\tconstruct\plugin\jei\casting\AbstractCastingCategory.java:112: warning: [removal] addTooltipCallback(IRecipeSlotTooltipCallback) in IRecipeSlotBuilder has been deprecated and marked for removal
             .addTooltipCallback(FluidTooltipCallback.UNITS)
             ^
  C:\Users\olikr\TinkersConstruct-NeoForge\src\main\java\slimeknights\tconstruct\plugin\jei\casting\AbstractCastingCategory.java:122: warning: [removal] addTooltipCallback(IRecipeSlotTooltipCallback) in IRecipeSlotBuilder has been deprecated and marked for removal
             .addTooltipCallback(FluidTooltipCallback.UNITS)
             ^
  C:\Users\olikr\TinkersConstruct-NeoForge\src\main\java\slimeknights\tconstruct\plugin\jei\entity\EntityMeltingRecipeCategory.java:50: warning: [removal] getBackground() in IRecipeCategory has been deprecated and marked for removal
    @Getter
    ^
  C:\Users\olikr\TinkersConstruct-NeoForge\src\main\java\slimeknights\tconstruct\plugin\jei\entity\EntityMeltingRecipeCategory.java:101: warning: [removal] addTooltipCallback(IRecipeSlotTooltipCallback) in IRecipeSlotBuilder has been deprecated and marked for removal
             .addTooltipCallback(new FluidTooltip(recipe.getDamage())) // object is cheap, no need to cache
             ^
  C:\Users\olikr\TinkersConstruct-NeoForge\src\main\java\slimeknights\tconstruct\plugin\jei\entity\EntityMeltingRecipeCategory.java:108: warning: [removal] addTooltipCallback(IRecipeSlotTooltipCallback) in IRecipeSlotBuilder has been deprecated and marked for removal
             .addTooltipCallback(FluidTooltipCallback.NO_AMOUNT)
             ^
  C:\Users\olikr\TinkersConstruct-NeoForge\src\main\java\slimeknights\tconstruct\plugin\jei\entity\SeveringCategory.java:31: warning: [removal] getBackground() in IRecipeCategory has been deprecated and marked for removal
    @Getter
    ^
  C:\Users\olikr\TinkersConstruct-NeoForge\src\main\java\slimeknights\tconstruct\plugin\jei\JEIPlugin.java:185: warning: [removal] <V>register(IIngredientType<V>,Collection<V>,IIngredientHelper<V>,IIngredientRenderer<V>) in IModIngredientRegistration has been deprecated and marked for removal
      registration.register(TConstructJEIConstants.MODIFIER_TYPE, modifiers, new ModifierIngredientHelper(), ModifierBookmarkIngredientRenderer.INSTANCE);
                  ^
    where V is a type-variable:
      V extends Object declared in method <V>register(IIngredientType<V>,Collection<V>,IIngredientHelper<V>,IIngredientRenderer<V>)
  C:\Users\olikr\TinkersConstruct-NeoForge\src\main\java\slimeknights\tconstruct\plugin\jei\JEIPlugin.java:186: warning: [removal] <V>register(IIngredientType<V>,Collection<V>,IIngredientHelper<V>,IIngredientRenderer<V>) in IModIngredientRegistration has been deprecated and marked for removal
      registration.register(TConstructJEIConstants.PATTERN_TYPE, Collections.emptyList(), new PatternIngredientHelper(), PatternIngredientRenderer.INSTANCE);
                  ^
    where V is a type-variable:
      V extends Object declared in method <V>register(IIngredientType<V>,Collection<V>,IIngredientHelper<V>,IIngredientRenderer<V>)
  C:\Users\olikr\TinkersConstruct-NeoForge\src\main\java\slimeknights\tconstruct\plugin\jei\JEIPlugin.java:189: warning: [removal] <V>register(IIngredientType<V>,Collection<V>,IIngredientHelper<V>,IIngredientRenderer<V>) in IModIngredientRegistration has been deprecated and marked for removal
      registration.register(TConstructJEIConstants.SLOT_TYPE, slots, new SlotIngredientHelper(), SlotIngredientRenderer.INGREDIENT);
                  ^
    where V is a type-variable:
      V extends Object declared in method <V>register(IIngredientType<V>,Collection<V>,IIngredientHelper<V>,IIngredientRenderer<V>)
  C:\Users\olikr\TinkersConstruct-NeoForge\src\main\java\slimeknights\tconstruct\plugin\jei\JEIPlugin.java:529: warning: [removal] <B,I>registerSubtypeInterpreter(IIngredientTypeWithSubtypes<B,I>,B,IIngredientSubtypeInterpreter<I>) in ISubtypeRegistration has been deprecated and marked for removal
        registry.registerSubtypeInterpreter(VanillaTypes.ITEM_STACK, item.value(), ToolPartSubtypeInterpreter.INSTANCE);
                ^
    where B,I are type-variables:
      B extends Object declared in method <B,I>registerSubtypeInterpreter(IIngredientTypeWithSubtypes<B,I>,B,IIngredientSubtypeInterpreter<I>)
      I extends Object declared in method <B,I>registerSubtypeInterpreter(IIngredientTypeWithSubtypes<B,I>,B,IIngredientSubtypeInterpreter<I>)
  C:\Users\olikr\TinkersConstruct-NeoForge\src\main\java\slimeknights\tconstruct\plugin\jei\JEIPlugin.java:535: warning: [removal] <B,I>registerSubtypeInterpreter(IIngredientTypeWithSubtypes<B,I>,B,IIngredientSubtypeInterpreter<I>) in ISubtypeRegistration has been deprecated and marked for removal
        registry.registerSubtypeInterpreter(VanillaTypes.ITEM_STACK, item, holder.is(TinkerTags.Items.SINGLEPART_TOOL) ? ToolSubtypeInterpreter.FIRST : ToolSubtypeInterpreter.INGREDIENT);
                ^
    where B,I are type-variables:
      B extends Object declared in method <B,I>registerSubtypeInterpreter(IIngredientTypeWithSubtypes<B,I>,B,IIngredientSubtypeInterpreter<I>)
      I extends Object declared in method <B,I>registerSubtypeInterpreter(IIngredientTypeWithSubtypes<B,I>,B,IIngredientSubtypeInterpreter<I>)
  C:\Users\olikr\TinkersConstruct-NeoForge\src\main\java\slimeknights\tconstruct\plugin\jei\JEIPlugin.java:539: warning: [removal] apply(T,UidContext) in IIngredientSubtypeInterpreter has been deprecated and marked for removal
      registry.registerSubtypeInterpreter(VanillaTypes.ITEM_STACK, TinkerSmeltery.copperCan.get(), (stack, context) -> CopperCanItem.getSubtype(stack));
                                                                                                   ^
    where T is a type-variable:
      T extends Object declared in interface IIngredientSubtypeInterpreter
  C:\Users\olikr\TinkersConstruct-NeoForge\src\main\java\slimeknights\tconstruct\plugin\jei\JEIPlugin.java:539: warning: [removal] <B,I>registerSubtypeInterpreter(IIngredientTypeWithSubtypes<B,I>,B,IIngredientSubtypeInterpreter<I>) in ISubtypeRegistration has been deprecated and marked for removal
      registry.registerSubtypeInterpreter(VanillaTypes.ITEM_STACK, TinkerSmeltery.copperCan.get(), (stack, context) -> CopperCanItem.getSubtype(stack));
              ^
    where B,I are type-variables:
      B extends Object declared in method <B,I>registerSubtypeInterpreter(IIngredientTypeWithSubtypes<B,I>,B,IIngredientSubtypeInterpreter<I>)
      I extends Object declared in method <B,I>registerSubtypeInterpreter(IIngredientTypeWithSubtypes<B,I>,B,IIngredientSubtypeInterpreter<I>)
  C:\Users\olikr\TinkersConstruct-NeoForge\src\main\java\slimeknights\tconstruct\plugin\jei\JEIPlugin.java:540: warning: [removal] IIngredientSubtypeInterpreter in mezz.jei.api.ingredients.subtypes has been deprecated and marked for removal
      IIngredientSubtypeInterpreter<ItemStack> tankInterpreter = (stack, context) -> TankItem.getSubtype(stack);
      ^
  Note: Some input files use unchecked or unsafe operations.
  C:\Users\olikr\TinkersConstruct-NeoForge\src\main\java\slimeknights\tconstruct\library\client\armor\texture\MaterialHasFallbackTextureSupplier.java:62: error: cannot find symbol
      CompoundTag tag = stack.getTag();
                             ^
    symbol:   method getTag()
    location: variable stack of type ItemStack
  C:\Users\olikr\TinkersConstruct-NeoForge\src\main\java\slimeknights\tconstruct\library\client\item\ModifiableCrossbowClientExtension.java:23: error: cannot find symbol
        CompoundTag tag = stack.getTag();
                               ^
    symbol:   method getTag()
    location: variable stack of type ItemStack
  C:\Users\olikr\TinkersConstruct-NeoForge\src\main\java\slimeknights\tconstruct\library\client\modifiers\model\BannerModifierModel.java:80: error: cannot find symbol
            Holder<BannerPattern> pattern = BannerPattern.byHash(tag.getString(BannerModule.KEY_PATTERN));
                                                         ^
    symbol:   method byHash(String)
    location: class BannerPattern
  C:\Users\olikr\TinkersConstruct-NeoForge\src\main\java\slimeknights\tconstruct\library\client\modifiers\model\FluidModifierModel.java:62: error: cannot find symbol
        return new CacheKey(fluid.getFluid(), fluid.getTag());
                                                   ^
    symbol:   method getTag()
    location: variable fluid of type FluidStack
  C:\Users\olikr\TinkersConstruct-NeoForge\src\main\java\slimeknights\tconstruct\library\client\modifiers\model\TankModifierModel.java:69: error: cannot find symbol
        return new CacheKey(fluid.getFluid(), fluid.getTag(), fluid.getAmount() + tolerance < helper.getCapacity(tool));
                                                   ^
    symbol:   method getTag()
    location: variable fluid of type FluidStack
  C:\Users\olikr\TinkersConstruct-NeoForge\src\main\java\slimeknights\tconstruct\library\client\modifiers\ModifierModelMapManager.java:58: error: cannot find symbol
        if (ModLoader.isLoadingStateValid()) {
                     ^
    symbol:   method isLoadingStateValid()
    location: class ModLoader
  C:\Users\olikr\TinkersConstruct-NeoForge\src\main\java\slimeknights\tconstruct\library\tools\context\EquipmentContext.java:111: error: cannot find symbol
      return LogicHelper.orElseNull(getTinkerData());
                        ^
    symbol:   method orElseNull(Holder)
    location: class LogicHelper
  C:\Users\olikr\TinkersConstruct-NeoForge\src\main\java\slimeknights\tconstruct\library\modifiers\modules\combat\MobEffectModule.java:237: error: cannot find symbol
            instance.setCurativeItems(curativeItems.stream().map(ItemStack::new).collect(Collectors.toList()));
                    ^
    symbol:   method setCurativeItems(List<ItemStack>)
    location: variable instance of type MobEffectInstance
  C:\Users\olikr\TinkersConstruct-NeoForge\src\main\java\slimeknights\tconstruct\library\utils\Util.java:179: error: cannot find symbol
      float[] diffuse = color.getTextureDiffuseColors();
                             ^
    symbol:   method getTextureDiffuseColors()
    location: variable color of type DyeColor
  C:\Users\olikr\TinkersConstruct-NeoForge\src\main\java\slimeknights\tconstruct\tools\client\ShieldBannerModifierSpriteSource.java:36: error: cannot find symbol
    public static final Codec<ShieldBannerModifierSpriteSource> CODEC = ExtraCodecs.validate(RecordCodecBuilder.<ShieldBannerModifierSpriteSource>create(inst -> inst.group(
                                                                                   ^
    symbol:   method validate(Codec<ShieldBannerModifierSpriteSource>,(source)->[...]e); })
    location: class ExtraCodecs
  C:\Users\olikr\TinkersConstruct-NeoForge\src\main\java\slimeknights\tconstruct\library\client\model\tools\ToolModel.java:97: error: ToolModel is not abstract and does not override abstract method bake(IGeometryBakingContext,ModelBaker,Function<Material,TextureAtlasSprite>,ModelState,ItemOverrides) in IUnbakedGeometry
  public class ToolModel implements IUnbakedGeometry<ToolModel> {
         ^
  C:\Users\olikr\TinkersConstruct-NeoForge\src\main\java\slimeknights\tconstruct\tools\client\ShieldBannerModifierSpriteSource.java:88: error: ShieldBannerModifierSpriteSource.BannerModifierSpriteSupplier is not abstract and does not override abstract method apply(SpriteResourceLoader) in Function
    private class BannerModifierSpriteSupplier implements SpriteSupplier {
            ^
  C:\Users\olikr\TinkersConstruct-NeoForge\src\main\java\slimeknights\tconstruct\common\data\model\TinkerSpriteSourceProvider.java:87: error: incompatible types: List<Object> cannot be converted to List<ResourceLocation>
          Arrays.stream(TRIMS).flatMap(name -> Stream.of(new ResourceLocation(TRIM_FOLDER + name), new ResourceLocation(TRIM_FOLDER + name + "_leggings"))).toList(),
                                                                                                                                                                  ^
  C:\Users\olikr\TinkersConstruct-NeoForge\src\main\java\slimeknights\tconstruct\gadgets\item\PiggyBackPackItem.java:152: error: incompatible types: CarryPotionEffect cannot be converted to Holder<MobEffect>
        livingEntity.addEffect(new MobEffectInstance(TinkerGadgets.carryEffect.get(), 2, amplifier, true, false, true));
                                                                                  ^
  C:\Users\olikr\TinkersConstruct-NeoForge\src\main\java\slimeknights\tconstruct\library\client\modifiers\model\BannerModifierModel.java:49: error: incompatible types: ResourceLocation cannot be converted to ResourceKey<BannerPattern>
        for (ResourceKey<BannerPattern> key : Sheets.SHIELD_MATERIALS.keySet()) {
                                                                            ^
  C:\Users\olikr\TinkersConstruct-NeoForge\src\main\java\slimeknights\tconstruct\library\client\modifiers\model\FluidModifierModel.java:93: error: incompatible types: SpriteContents cannot be converted to TextureAtlasSprite
      List<BlockElement> unbaked = UnbakedGeometryHelper.createUnbakedItemMaskElements(-1, spriteGetter.apply(template).contents()); // Use template as mask
                                                                                                                                ^
  C:\Users\olikr\TinkersConstruct-NeoForge\src\main\java\slimeknights\tconstruct\library\client\modifiers\model\FluidModifierModel.java:95: error: incompatible types: List<BlockElement> cannot be converted to IModelBuilder<?>
      List<BakedQuad> fluidQuads = UnbakedGeometryHelper.bakeElements(unbaked, mat -> fluidSprite, new SimpleModelState(transforms.applyOrigin(ORIGIN).compose(FluidContainerModel.FLUID_TRANSFORM), false), BAKE_LOCATION); // Bake with fluid texture
                                                                      ^
  C:\Users\olikr\TinkersConstruct-NeoForge\src\main\java\slimeknights\tconstruct\library\data\AbstractModifierModelMapProvider.java:292: error: incompatible types: ResourceLocation cannot be converted to ModifierId
        return modifier(TinkerModifiers.trim.getId(), TrimModifierModel.Armor.values()[type.ordinal()]);
                                                  ^
  C:\Users\olikr\TinkersConstruct-NeoForge\src\main\java\slimeknights\tconstruct\library\data\AbstractModifierModelMapProvider.java:297: error: incompatible types: ResourceLocation cannot be converted to ModifierId
        return modifier(TinkerModifiers.trim.getId(), new TrimModifierModel.Custom(toolMaterial(folder + "/trim").texture(), largeTexture != null ? toolMaterial(folder + '/' + largeTexture).texture() : null));
                                                  ^
  C:\Users\olikr\TinkersConstruct-NeoForge\src\main\java\slimeknights\tconstruct\library\data\AbstractModifierModelMapProvider.java:307: error: incompatible types: ResourceLocation cannot be converted to ModifierId
        ModifierId embellishment = TinkerModifiers.embellishment.getId();
                                                                      ^
  C:\Users\olikr\TinkersConstruct-NeoForge\src\main\java\slimeknights\tconstruct\library\data\AbstractModifierModelMapProvider.java:320: error: incompatible types: ResourceLocation cannot be converted to ModifierId
        return modifier(TinkerModifiers.banner.getId(), new BannerModifierModel(
                                                    ^
  C:\Users\olikr\TinkersConstruct-NeoForge\src\main\java\slimeknights\tconstruct\library\modifiers\modules\build\EnchantmentModule.java:90: error: incompatible types: LevelingInt cannot be converted to int
        return level(LevelingInt.eachLevel(level));
                                          ^
  C:\Users\olikr\TinkersConstruct-NeoForge\src\main\java\slimeknights\tconstruct\tools\client\ShieldBannerModifierSpriteSource.java:60: error: incompatible types: Codec<ShieldBannerModifierSpriteSource> cannot be converted to MapCodec<? extends SpriteSource>
        TYPE = SpriteSources.register(TConstruct.getResource("shield_banner_to_modifier").toString(), CODEC);
                                                                                                      ^
  C:\Users\olikr\TinkersConstruct-NeoForge\src\main\java\slimeknights\tconstruct\tools\client\ShieldBannerModifierSpriteSource.java:68: error: incompatible types: Entry<ResourceLocation,Material> cannot be converted to Entry<ResourceKey<BannerPattern>,Material>
      for (Entry<ResourceKey<BannerPattern>, Material> entry : Sheets.SHIELD_MATERIALS.entrySet()) {
                                                                                               ^
  C:\Users\olikr\TinkersConstruct-NeoForge\src\main\java\slimeknights\tconstruct\tools\data\ArmorModelProvider.java:24: error: incompatible types: ResourceLocation cannot be converted to ModifierId
      ModifierId dyed = TinkerModifiers.dyed.getId();
                                                  ^
  C:\Users\olikr\TinkersConstruct-NeoForge\src\main\java\slimeknights\tconstruct\tools\data\client\ModifierModelMapProvider.java:232: error: incompatible types: ResourceLocation cannot be converted to ModifierId
      ModifierId dyed = TinkerModifiers.dyed.getId();
                                                  ^
  C:\Users\olikr\TinkersConstruct-NeoForge\src\main\java\slimeknights\tconstruct\tools\data\client\ModifierModelMapProvider.java:264: error: incompatible types: ResourceLocation cannot be converted to ModifierId
      tool("slime/wings").modifier(TinkerModifiers.trim.getId(), new TrimModifierModel.Custom(toolMaterial("armor/slime/wings/trim").texture(), null));
                                                             ^
  C:\Users\olikr\TinkersConstruct-NeoForge\src\main\java\slimeknights\tconstruct\tools\data\client\ModifierModelMapProvider.java:301: error: incompatible types: ResourceLocation cannot be converted to ModifierId
      ModifierId dyed = TinkerModifiers.dyed.getId();
                                                  ^
  C:\Users\olikr\TinkersConstruct-NeoForge\src\main\java\slimeknights\tconstruct\tools\data\client\ModifierModelMapProvider.java:315: error: incompatible types: ResourceLocation cannot be converted to ModifierId
      ModifierId dyed = TinkerModifiers.dyed.getId();
                                                  ^
  C:\Users\olikr\TinkersConstruct-NeoForge\src\main\java\slimeknights\tconstruct\tools\data\material\MaterialTraitsDataProvider.java:222: error: incompatible types: ResourceLocation cannot be converted to MaterialStatsId
      MaterialStatsId shell = RepairStats.SHELL.getId();
                                                     ^
  C:\Users\olikr\TinkersConstruct-NeoForge\src\main\java\slimeknights\tconstruct\tools\data\material\MaterialTraitsDataProvider.java:233: error: incompatible types: ResourceLocation cannot be converted to MaterialStatsId
      MaterialStatsId laces = RepairStats.LACES.getId();
                                                     ^
  C:\Users\olikr\TinkersConstruct-NeoForge\src\main\java\slimeknights\tconstruct\tools\data\ModifierProvider.java:515: error: incompatible types: LevelingInt cannot be converted to int
        .addModule(LootingModule.builder().level(LevelingInt.ONE).armor(ARMOR_SLOTS))
                                                            ^
  C:\Users\olikr\TinkersConstruct-NeoForge\src\main\java\slimeknights\tconstruct\tools\data\ModifierProvider.java:520: error: incompatible types: LevelingInt cannot be converted to int
        .addModule(LootingModule.builder().minLevel(2).level(LevelingInt.ONE).armor(ARMOR_SLOTS));
                                                                        ^
  C:\Users\olikr\TinkersConstruct-NeoForge\src\main\java\slimeknights\tconstruct\tools\data\ModifierProvider.java:765: error: incompatible types: ModifierId cannot be converted to ResourceLocation
        .addModule(InventoryModule.builder().key(ModifierIds.pockets).slotsPerLevel(3))
                                                            ^
  Note: Some messages have been simplified; recompile with -Xdiags:verbose to get full output
  C:\Users\olikr\TinkersConstruct-NeoForge\src\main\java\slimeknights\tconstruct\library\tools\capability\ToolCapabilityProvider.java:81: error: package ToolBlockItemProviderHook does not exist
          return new ToolBlockItemProviderHook.CapabilityImpl(tool);
                                              ^
  C:\Users\olikr\TinkersConstruct-NeoForge\src\main\java\slimeknights\tconstruct\tools\data\ModifierProvider.java:741: error: package ForgeMod does not exist
        .addModule(AttributeModule.builder(ForgeMod.SWIM_SPEED.get(), Operation.MULTIPLY_TOTAL).eachLevel(0.1f))
                                                   ^
  C:\Users\olikr\TinkersConstruct-NeoForge\src\main\java\slimeknights\tconstruct\library\client\item\ModifiableItemClientExtension.java:82: error: variable remainingTime is already defined in method applyForgeHandTransform(PoseStack,LocalPlayer,HumanoidArm,ItemStack,float,float,float)
            float remainingTime = (float) stack.getUseDuration(player) - ((float) player.getUseItemRemainingTicks() - partialTicks + 1);
                  ^
  100 errors
  100 warnings

* Try:
> Check your code and dependencies to fix the compilation error(s)
> Run with --scan to get full insights from a Build Scan (powered by Develocity).

BUILD FAILED in 21s
